CREATE OR REPLACE FUNCTION generate_object_id() RETURNS varchar AS $$
    DECLARE
        time_component bigint;
        machine_id bigint := FLOOR(random() * 16777215);
        process_id bigint;
        seq_id bigint := FLOOR(random() * 16777215);
        result varchar:= '';
    BEGIN
        SELECT FLOOR(EXTRACT(EPOCH FROM clock_timestamp())) INTO time_component;
        SELECT pg_backend_pid() INTO process_id;

        result := result || lpad(to_hex(time_component), 8, '0');
        result := result || lpad(to_hex(machine_id), 6, '0');
        result := result || lpad(to_hex(process_id), 4, '0');
        result := result || lpad(to_hex(seq_id), 6, '0');
        RETURN result;
    END;
$$ LANGUAGE PLPGSQL;

DROP TABLE IF EXISTS users;
DROP TABLE IF EXISTS entities;
DROP TABLE IF EXISTS products;
DROP TABLE IF EXISTS attractions;
DROP TABLE IF EXISTS hotels;

create table users (
	_id varchar(24) NOT NULL DEFAULT generate_object_id(),
	username VARCHAR(50) PRIMARY KEY,
	password VARCHAR(100) NOT NULL,
	email VARCHAR(50) NOT NULL
);

create table entities (
	_id varchar(24) NOT NULL DEFAULT generate_object_id(),
	username VARCHAR(50) PRIMARY KEY,
	password VARCHAR(100) NOT NULL,
	email VARCHAR(50) NOT NULL
);

create table products (
    _id varchar(24) NOT NULL DEFAULT generate_object_id(),
    name VARCHAR(255) NOT NULL,
    description TEXT,
    price DECIMAL(10, 2) NOT NULL,
    quantity INT NOT NULL,
    created_at TIMESTAMP DEFAULT CURRENT_TIMESTAMP
);

create table attractions (
    _id varchar(24) NOT NULL DEFAULT generate_object_id(),
	city VARCHAR(50) NOT NULL,
	country VARCHAR(50) NOT NULL,
    description TEXT,
	price DECIMAL(6,2) NOT NULL,
	ratings DECIMAL(3,1) NOT NULL,
	opening_hours VARCHAR(50) NOT NULL,
	type_of_attraction VARCHAR(30) NOT NULL
);

create table hotels (
    _id varchar(24) NOT NULL DEFAULT generate_object_id(),
    hotel_name VARCHAR(30) NOT NULL,
    address VARCHAR(50) NOT NULL,
	city VARCHAR(50) NOT NULL,
	country VARCHAR(50) NOT NULL,
    description TEXT,
	price_per_night DECIMAL(6,2) NOT NULL,
	ratings DECIMAL(3,1) NOT NULL,
	ammenities VARCHAR(50) NOT NULL
);

insert into users (_id, username, password, email) values ('65757316fc13ae561bfa20eb', 'Wilek', '$2a$04$gFV8SwSMf9jzfx5Gax2x9eJ/o1dtxa3WMbMxbbDvN2cpzhHdn/KFy', 'wlannin0@admin.ch');
insert into users (_id, username, password, email) values ('65757316fc13ae561bfa20ec', 'Neville', '$2a$04$VrmVSPIcSEgMV/kW6yo/GugiuIWDNAHYQEky0X6ic/eYyOrggKdMy', 'nlawlor1@dailymotion.com');
insert into users (_id, username, password, email) values ('65757316fc13ae561bfa20ed', 'Alic', '$2a$04$y4G4V3/gvvBijJ0HzdqtGuSuTf4bCz3ucOsEz24T3oUtLFTquLaLG', 'astokoe2@hc360.com');
insert into users (_id, username, password, email) values ('65757316fc13ae561bfa20ee', 'Noellyn', '$2a$04$uqmJvgdRxfS5amtuZu3VZu4ftuZZV3hMGXIX6ze/2VaagJ/E14vCW', 'nadame3@alibaba.com');
insert into users (_id, username, password, email) values ('65757316fc13ae561bfa20ef', 'Richy', '$2a$04$fwZsy.IEwxTV9i8zIKpEGOn1xO5eWhIL8V9KefJN9Q5bxVQOtVQO6', 'rtesmond4@etsy.com');
insert into users (_id, username, password, email) values ('65757316fc13ae561bfa20f0', 'Marena', '$2a$04$WxXUU3Ni9oX5xrvpqM/RlOq5d17x8y5Gz3.H/LgZ0DmHXJpc5M.YK', 'mgoodright5@dagondesign.com');
insert into users (_id, username, password, email) values ('65757316fc13ae561bfa20f1', 'Bernice', '$2a$04$zmDsdhLN1ZhRqfcBli7K8ualPeOC1efVDp04XiolFg81rOUO/jL3a', 'brosenfarb6@dell.com');
insert into users (_id, username, password, email) values ('65757316fc13ae561bfa20f2', 'Audra', '$2a$04$wV9njvlAIh118jeBSDlkjeo4jkedwUTblbrpSAOHjNnTpXa4uIhBa', 'agillan7@epa.gov');
insert into users (_id, username, password, email) values ('65757316fc13ae561bfa20f3', 'Nicholle', '$2a$04$iBN1MGyUKBB8Prj52BX..eYA3lX8hUQlxENBwRMih8Ax81whJXuaW', 'ncheetham8@so-net.ne.jp');
insert into users (_id, username, password, email) values ('65757316fc13ae561bfa20f4', 'Malachi', '$2a$04$7ipQpGevDpXX4/BjCR0o9OZESlcc4ucZjhYj/6pHvDakNh21lVwYa', 'mleyman9@youku.com');
insert into users (_id, username, password, email) values ('65757316fc13ae561bfa20f5', 'Chuck', '$2a$04$OehNrsga3sascvMzjZYRzu5vA7/sodhrsukW0G7B4klqhUsUaWovG', 'cmarta@hostgator.com');
insert into users (_id, username, password, email) values ('65757316fc13ae561bfa20f6', 'Ulberto', '$2a$04$meeB5mXstw.agV5IbvSnWuxDcENlHoZA9V48ApMvLZ7n4wMb4eupG', 'ubrackb@time.com');
insert into users (_id, username, password, email) values ('65757316fc13ae561bfa20f7', 'Christoffer', '$2a$04$Tpovq/U29YzAiNUWL.u9JO9FJYs8UkbXo.k6loJ6QSEFMKIKQX67a', 'cbrocktonc@acquirethisname.com');
insert into users (_id, username, password, email) values ('65757316fc13ae561bfa20f8', 'Consuela', '$2a$04$muGIZQg5kWD1sH4Cdq9XtuTdRLMpGsaxf12Y2hEPhJLVv6QC8YZhC', 'chaskerd@sbwire.com');
insert into users (_id, username, password, email) values ('65757316fc13ae561bfa20f9', 'Crosby', '$2a$04$RB0RZq2S78h8AGpCFuEAoOL7xvFOeNRI61EcwEnBAp1tGwE/RJ4GC', 'czammette@yahoo.co.jp');
insert into users (_id, username, password, email) values ('65757316fc13ae561bfa20fa', 'Scarlet', '$2a$04$JmBIy3ofvhH/CI45l9LJ7e2nxoI5Jsy9RWbQw/DKXHpOx9aUCYRMO', 'seaglef@rediff.com');
insert into users (_id, username, password, email) values ('65757316fc13ae561bfa20fb', 'Olvan', '$2a$04$AvFaqnEtcyPtNTD9kiCw4e/H6P2OuOhi603Utojqz6jZvM1eC3LuC', 'owaghorneg@google.co.uk');
insert into users (_id, username, password, email) values ('65757316fc13ae561bfa20fc', 'Henrieta', '$2a$04$6CUr.QH/xCCtgHZYV1xq1Oa3sgFkHls9go2u.cfXe0WO2sSpXQFbe', 'htunaclifth@a8.net');
insert into users (_id, username, password, email) values ('65757316fc13ae561bfa20fd', 'Padraig', '$2a$04$dcWoybOed2TjPGKcAd5E1.d21aCpnnt9ytDckcv8jcF9.jEWe.aiq', 'pkelletti@ox.ac.uk');
insert into users (_id, username, password, email) values ('65757316fc13ae561bfa20fe', 'Kandy', '$2a$04$KCwVuB8Z9oE/rqkmMxO16Om2dKWfycjHAwBIEFclNNKPh9wKts5vq', 'kguerrij@google.pl');
insert into users (_id, username, password, email) values ('65757316fc13ae561bfa20ff', 'Silvan', '$2a$04$0XCIoaqWbvh4/sEAPlUQaOfSqMFkjdV./JDbRtOmMZfIJXc6PVoIu', 'sphilippk@chicagotribune.com');
insert into users (_id, username, password, email) values ('65757316fc13ae561bfa2100', 'Cleopatra', '$2a$04$bFbaht8HQlfvJ6tGC5rHFeNbBm9Z6JqIsu.AGbZt7K1s05eacQ0Xe', 'cantonellil@merriam-webster.com');
insert into users (_id, username, password, email) values ('65757316fc13ae561bfa2101', 'Electra', '$2a$04$7SezEGY.khASXbUMetxaJeLNj.yynbiqRB.TEI5hj0scFOqFFjyZe', 'ebouldingm@wisc.edu');
insert into users (_id, username, password, email) values ('65757316fc13ae561bfa2102', 'Glenda', '$2a$04$uf9rXmcBFF3UxhEGWaHozel4qcoDPytXpw93QQxOXicChqPtWooo.', 'galderseyn@accuweather.com');
insert into users (_id, username, password, email) values ('65757316fc13ae561bfa2103', 'Stanislas', '$2a$04$OwOXuTsf1zztA.HetDIrhO3MCBGD1gkjq33ODUxpPhBpyhYaMKpPu', 'sfrancklyno@techcrunch.com');
insert into users (_id, username, password, email) values ('65757316fc13ae561bfa2104', 'Aila', '$2a$04$zFXQBgfk4hMzyiPp3YfVr.OuwD/JkW.h6dFI2OlJoOjE/dE4kClFe', 'ableadenp@odnoklassniki.ru');
insert into users (_id, username, password, email) values ('65757316fc13ae561bfa2105', 'Cortney', '$2a$04$czqAwmN0npRojZjuZioL5O417PRLJOODyptNNto2mTb.6gWekKnxW', 'cmeanwellq@reference.com');
insert into users (_id, username, password, email) values ('65757316fc13ae561bfa2106', 'Gwynne', '$2a$04$8a5UPYPpbJMxQ1rjBkRhseEu/FFJ6oPJ7jeVw13MvqPdsO0PRFVO2', 'glebelr@intel.com');
insert into users (_id, username, password, email) values ('65757316fc13ae561bfa2107', 'Thurston', '$2a$04$fN7ZF2OSWshtAhTQGgoYsuAsyXtHIJeZMqWlRfKCg6V0TKoeRj80W', 'tfaloons@cafepress.com');
insert into users (_id, username, password, email) values ('65757316fc13ae561bfa2108', 'Leese', '$2a$04$iY1meIHoNNcmEgyraikVKudpNTHp8PGXUm8HL8MSUYIOJICJ.Ao.u', 'lkeppelt@indiegogo.com');
insert into users (_id, username, password, email) values ('65757316fc13ae561bfa2109', 'Barbabas', '$2a$04$xfc9/DLHWQqsMIN5dH7lu.jH.hafqKFP7Nd3vnC0cORoxS3x9Oy4i', 'blanstonu@dagondesign.com');
insert into users (_id, username, password, email) values ('65757316fc13ae561bfa210a', 'Donetta', '$2a$04$oTSYm8z2GsWT4bRfOSUN1ODoagTG4Yf9WLtkV1iM4TTKgO/pqTJfW', 'dwiggamv@angelfire.com');
insert into users (_id, username, password, email) values ('65757316fc13ae561bfa210b', 'Leilah', '$2a$04$MgilxGSXBAJ6pvDZ.DsDe.nGCk1pD.qQnUDm54yhg1yfouU5cM/Zy', 'lgiraudotw@rambler.ru');
insert into users (_id, username, password, email) values ('65757316fc13ae561bfa210c', 'Frederigo', '$2a$04$wPAxM1yiaPUjHaK0MouN7.G2u06EG25Q.TL2el2q3lExyYYIom5iu', 'fzannotellix@dropbox.com');
insert into users (_id, username, password, email) values ('65757316fc13ae561bfa210d', 'Ulrick', '$2a$04$e5KIOYUNU3l9O5xC38gWN.cChBQ/.eNbqFGHXvopArWQQ4q38klHK', 'udarkery@plala.or.jp');
insert into users (_id, username, password, email) values ('65757316fc13ae561bfa210e', 'Odilia', '$2a$04$g6aiaZ.EErQhZ1uEb0mrsOPxhyNN9zo2w.CWhRtwTllEro03oEBUW', 'osharplingz@elpais.com');
insert into users (_id, username, password, email) values ('65757316fc13ae561bfa210f', 'Nomi', '$2a$04$vyuJT30T6PAI.vFbqnOiF.OqlvCnH5jmBEV8s81Jxnem4DRSmdOIC', 'ntisun10@artisteer.com');
insert into users (_id, username, password, email) values ('65757316fc13ae561bfa2110', 'Silvano', '$2a$04$OUILoQ91RlIZ3QOpn9XIxuHm.r26a0umz57dueBMWPWjHlC928m5C', 'sairton11@ucoz.ru');
insert into users (_id, username, password, email) values ('65757316fc13ae561bfa2111', 'Merry', '$2a$04$EnmJIlRjiPsyBgEy6LprHe/KBtx8w4Tf9FjFJUHfsEH9g.YLnJY4W', 'mkettlestringe12@auda.org.au');
insert into users (_id, username, password, email) values ('65757316fc13ae561bfa2112', 'Darice', '$2a$04$3LMJj/IFXwdi4ZqanItFIOQ3aq8vt4Mfwe.rwC/5zIJfyn3QvqAsq', 'diacofo13@merriam-webster.com');
insert into users (_id, username, password, email) values ('65757316fc13ae561bfa2113', 'Melli', '$2a$04$DN5OfgKU.JT9J2c3M3K95.vmzeno9hcwtMNJO/v7halL5gvfmDQj2', 'mlilleycrop14@mysql.com');
insert into users (_id, username, password, email) values ('65757316fc13ae561bfa2114', 'Glynda', '$2a$04$KZbZ4Aq8b3syqVyYcT.oPuM0XIgqRUhl5vL6I3tv19RFXsWrjiqTm', 'ggrealey15@discovery.com');
insert into users (_id, username, password, email) values ('65757316fc13ae561bfa2115', 'Ginnie', '$2a$04$IBtcf0v4A83MaVvXCAREeuRB1uhntv5UhaSN0SYMic/ROVkaEpVpi', 'gbadman16@soundcloud.com');
insert into users (_id, username, password, email) values ('65757316fc13ae561bfa2116', 'Tedie', '$2a$04$QxtBWTh5eKMiLYU1k7K4IeIUgSqt5HQp1kK2CrhEualQ29oOIrR8C', 'ttoffoloni17@theguardian.com');
insert into users (_id, username, password, email) values ('65757316fc13ae561bfa2117', 'Babette', '$2a$04$ctdERfcYKMpEwv4PdUeuT.AiH1.6XNUZS.7I2/a1OiW6sMAUUDQuO', 'bmitkin18@reference.com');
insert into users (_id, username, password, email) values ('65757316fc13ae561bfa2118', 'Deane', '$2a$04$wGgEYJrUz2njveRVf8jxHuGV.5SIrGCJttLu1nSMJ215zbkhdPrYm', 'degre19@businesswire.com');
insert into users (_id, username, password, email) values ('65757316fc13ae561bfa2119', 'Reamonn', '$2a$04$VHakyBhZ3ebEcnZy4LQo6.6.DJLLpZkBUZk.oFfuINIedIyLl1f6C', 'rstrelitzki1a@baidu.com');
insert into users (_id, username, password, email) values ('65757316fc13ae561bfa211a', 'Aigneis', '$2a$04$d/d3niuEAJIreq/OriUElOpDsMGIWQVjMahJHYwDBXVIqFcmXtz..', 'abygrave1b@nbcnews.com');
insert into users (_id, username, password, email) values ('65757316fc13ae561bfa211b', 'Marven', '$2a$04$6NIJKxav510sdRN1TseGverZzwxvoHMotZTnwMDR3uXZazpAH5OjO', 'mburet1c@hugedomains.com');
insert into users (_id, username, password, email) values ('65757316fc13ae561bfa211c', 'Dorette', '$2a$04$RiqckewgZWBFj2jNYikcjeP.Jix16XQ3eRItgBaQ5tD0DfBH62B4G', 'drayner1d@deliciousdays.com');



insert into entities (_id, username, password, email) values ('65757316fc13ae561bfa20eb', 'Wilek', '$2a$04$gFV8SwSMf9jzfx5Gax2x9eJ/o1dtxa3WMbMxbbDvN2cpzhHdn/KFy', 'wlannin0@admin.ch');
insert into entities (_id, username, password, email) values ('65757316fc13ae561bfa20ec', 'Neville', '$2a$04$VrmVSPIcSEgMV/kW6yo/GugiuIWDNAHYQEky0X6ic/eYyOrggKdMy', 'nlawlor1@dailymotion.com');
insert into entities (_id, username, password, email) values ('65757316fc13ae561bfa20ed', 'Alic', '$2a$04$y4G4V3/gvvBijJ0HzdqtGuSuTf4bCz3ucOsEz24T3oUtLFTquLaLG', 'astokoe2@hc360.com');
insert into entities (_id, username, password, email) values ('65757316fc13ae561bfa20ee', 'Noellyn', '$2a$04$uqmJvgdRxfS5amtuZu3VZu4ftuZZV3hMGXIX6ze/2VaagJ/E14vCW', 'nadame3@alibaba.com');
insert into entities (_id, username, password, email) values ('65757316fc13ae561bfa20ef', 'Richy', '$2a$04$fwZsy.IEwxTV9i8zIKpEGOn1xO5eWhIL8V9KefJN9Q5bxVQOtVQO6', 'rtesmond4@etsy.com');
insert into entities (_id, username, password, email) values ('65757316fc13ae561bfa20f0', 'Marena', '$2a$04$WxXUU3Ni9oX5xrvpqM/RlOq5d17x8y5Gz3.H/LgZ0DmHXJpc5M.YK', 'mgoodright5@dagondesign.com');
insert into entities (_id, username, password, email) values ('65757316fc13ae561bfa20f1', 'Bernice', '$2a$04$zmDsdhLN1ZhRqfcBli7K8ualPeOC1efVDp04XiolFg81rOUO/jL3a', 'brosenfarb6@dell.com');
insert into entities (_id, username, password, email) values ('65757316fc13ae561bfa20f2', 'Audra', '$2a$04$wV9njvlAIh118jeBSDlkjeo4jkedwUTblbrpSAOHjNnTpXa4uIhBa', 'agillan7@epa.gov');
insert into entities (_id, username, password, email) values ('65757316fc13ae561bfa20f3', 'Nicholle', '$2a$04$iBN1MGyUKBB8Prj52BX..eYA3lX8hUQlxENBwRMih8Ax81whJXuaW', 'ncheetham8@so-net.ne.jp');
insert into entities (_id, username, password, email) values ('65757316fc13ae561bfa20f4', 'Malachi', '$2a$04$7ipQpGevDpXX4/BjCR0o9OZESlcc4ucZjhYj/6pHvDakNh21lVwYa', 'mleyman9@youku.com');
insert into entities (_id, username, password, email) values ('65757316fc13ae561bfa20f5', 'Chuck', '$2a$04$OehNrsga3sascvMzjZYRzu5vA7/sodhrsukW0G7B4klqhUsUaWovG', 'cmarta@hostgator.com');
insert into entities (_id, username, password, email) values ('65757316fc13ae561bfa20f6', 'Ulberto', '$2a$04$meeB5mXstw.agV5IbvSnWuxDcENlHoZA9V48ApMvLZ7n4wMb4eupG', 'ubrackb@time.com');
insert into entities (_id, username, password, email) values ('65757316fc13ae561bfa20f7', 'Christoffer', '$2a$04$Tpovq/U29YzAiNUWL.u9JO9FJYs8UkbXo.k6loJ6QSEFMKIKQX67a', 'cbrocktonc@acquirethisname.com');
insert into entities (_id, username, password, email) values ('65757316fc13ae561bfa20f8', 'Consuela', '$2a$04$muGIZQg5kWD1sH4Cdq9XtuTdRLMpGsaxf12Y2hEPhJLVv6QC8YZhC', 'chaskerd@sbwire.com');
insert into entities (_id, username, password, email) values ('65757316fc13ae561bfa20f9', 'Crosby', '$2a$04$RB0RZq2S78h8AGpCFuEAoOL7xvFOeNRI61EcwEnBAp1tGwE/RJ4GC', 'czammette@yahoo.co.jp');
insert into entities (_id, username, password, email) values ('65757316fc13ae561bfa20fa', 'Scarlet', '$2a$04$JmBIy3ofvhH/CI45l9LJ7e2nxoI5Jsy9RWbQw/DKXHpOx9aUCYRMO', 'seaglef@rediff.com');
insert into entities (_id, username, password, email) values ('65757316fc13ae561bfa20fb', 'Olvan', '$2a$04$AvFaqnEtcyPtNTD9kiCw4e/H6P2OuOhi603Utojqz6jZvM1eC3LuC', 'owaghorneg@google.co.uk');
insert into entities (_id, username, password, email) values ('65757316fc13ae561bfa20fc', 'Henrieta', '$2a$04$6CUr.QH/xCCtgHZYV1xq1Oa3sgFkHls9go2u.cfXe0WO2sSpXQFbe', 'htunaclifth@a8.net');
insert into entities (_id, username, password, email) values ('65757316fc13ae561bfa20fd', 'Padraig', '$2a$04$dcWoybOed2TjPGKcAd5E1.d21aCpnnt9ytDckcv8jcF9.jEWe.aiq', 'pkelletti@ox.ac.uk');
insert into entities (_id, username, password, email) values ('65757316fc13ae561bfa20fe', 'Kandy', '$2a$04$KCwVuB8Z9oE/rqkmMxO16Om2dKWfycjHAwBIEFclNNKPh9wKts5vq', 'kguerrij@google.pl');
insert into entities (_id, username, password, email) values ('65757316fc13ae561bfa20ff', 'Silvan', '$2a$04$0XCIoaqWbvh4/sEAPlUQaOfSqMFkjdV./JDbRtOmMZfIJXc6PVoIu', 'sphilippk@chicagotribune.com');
insert into entities (_id, username, password, email) values ('65757316fc13ae561bfa2100', 'Cleopatra', '$2a$04$bFbaht8HQlfvJ6tGC5rHFeNbBm9Z6JqIsu.AGbZt7K1s05eacQ0Xe', 'cantonellil@merriam-webster.com');
insert into entities (_id, username, password, email) values ('65757316fc13ae561bfa2101', 'Electra', '$2a$04$7SezEGY.khASXbUMetxaJeLNj.yynbiqRB.TEI5hj0scFOqFFjyZe', 'ebouldingm@wisc.edu');
insert into entities (_id, username, password, email) values ('65757316fc13ae561bfa2102', 'Glenda', '$2a$04$uf9rXmcBFF3UxhEGWaHozel4qcoDPytXpw93QQxOXicChqPtWooo.', 'galderseyn@accuweather.com');
insert into entities (_id, username, password, email) values ('65757316fc13ae561bfa2103', 'Stanislas', '$2a$04$OwOXuTsf1zztA.HetDIrhO3MCBGD1gkjq33ODUxpPhBpyhYaMKpPu', 'sfrancklyno@techcrunch.com');
insert into entities (_id, username, password, email) values ('65757316fc13ae561bfa2104', 'Aila', '$2a$04$zFXQBgfk4hMzyiPp3YfVr.OuwD/JkW.h6dFI2OlJoOjE/dE4kClFe', 'ableadenp@odnoklassniki.ru');
insert into entities (_id, username, password, email) values ('65757316fc13ae561bfa2105', 'Cortney', '$2a$04$czqAwmN0npRojZjuZioL5O417PRLJOODyptNNto2mTb.6gWekKnxW', 'cmeanwellq@reference.com');
insert into entities (_id, username, password, email) values ('65757316fc13ae561bfa2106', 'Gwynne', '$2a$04$8a5UPYPpbJMxQ1rjBkRhseEu/FFJ6oPJ7jeVw13MvqPdsO0PRFVO2', 'glebelr@intel.com');
insert into entities (_id, username, password, email) values ('65757316fc13ae561bfa2107', 'Thurston', '$2a$04$fN7ZF2OSWshtAhTQGgoYsuAsyXtHIJeZMqWlRfKCg6V0TKoeRj80W', 'tfaloons@cafepress.com');
insert into entities (_id, username, password, email) values ('65757316fc13ae561bfa2108', 'Leese', '$2a$04$iY1meIHoNNcmEgyraikVKudpNTHp8PGXUm8HL8MSUYIOJICJ.Ao.u', 'lkeppelt@indiegogo.com');
insert into entities (_id, username, password, email) values ('65757316fc13ae561bfa2109', 'Barbabas', '$2a$04$xfc9/DLHWQqsMIN5dH7lu.jH.hafqKFP7Nd3vnC0cORoxS3x9Oy4i', 'blanstonu@dagondesign.com');
insert into entities (_id, username, password, email) values ('65757316fc13ae561bfa210a', 'Donetta', '$2a$04$oTSYm8z2GsWT4bRfOSUN1ODoagTG4Yf9WLtkV1iM4TTKgO/pqTJfW', 'dwiggamv@angelfire.com');
insert into entities (_id, username, password, email) values ('65757316fc13ae561bfa210b', 'Leilah', '$2a$04$MgilxGSXBAJ6pvDZ.DsDe.nGCk1pD.qQnUDm54yhg1yfouU5cM/Zy', 'lgiraudotw@rambler.ru');
insert into entities (_id, username, password, email) values ('65757316fc13ae561bfa210c', 'Frederigo', '$2a$04$wPAxM1yiaPUjHaK0MouN7.G2u06EG25Q.TL2el2q3lExyYYIom5iu', 'fzannotellix@dropbox.com');
insert into entities (_id, username, password, email) values ('65757316fc13ae561bfa210d', 'Ulrick', '$2a$04$e5KIOYUNU3l9O5xC38gWN.cChBQ/.eNbqFGHXvopArWQQ4q38klHK', 'udarkery@plala.or.jp');
insert into entities (_id, username, password, email) values ('65757316fc13ae561bfa210e', 'Odilia', '$2a$04$g6aiaZ.EErQhZ1uEb0mrsOPxhyNN9zo2w.CWhRtwTllEro03oEBUW', 'osharplingz@elpais.com');
insert into entities (_id, username, password, email) values ('65757316fc13ae561bfa210f', 'Nomi', '$2a$04$vyuJT30T6PAI.vFbqnOiF.OqlvCnH5jmBEV8s81Jxnem4DRSmdOIC', 'ntisun10@artisteer.com');
insert into entities (_id, username, password, email) values ('65757316fc13ae561bfa2110', 'Silvano', '$2a$04$OUILoQ91RlIZ3QOpn9XIxuHm.r26a0umz57dueBMWPWjHlC928m5C', 'sairton11@ucoz.ru');
insert into entities (_id, username, password, email) values ('65757316fc13ae561bfa2111', 'Merry', '$2a$04$EnmJIlRjiPsyBgEy6LprHe/KBtx8w4Tf9FjFJUHfsEH9g.YLnJY4W', 'mkettlestringe12@auda.org.au');
insert into entities (_id, username, password, email) values ('65757316fc13ae561bfa2112', 'Darice', '$2a$04$3LMJj/IFXwdi4ZqanItFIOQ3aq8vt4Mfwe.rwC/5zIJfyn3QvqAsq', 'diacofo13@merriam-webster.com');
insert into entities (_id, username, password, email) values ('65757316fc13ae561bfa2113', 'Melli', '$2a$04$DN5OfgKU.JT9J2c3M3K95.vmzeno9hcwtMNJO/v7halL5gvfmDQj2', 'mlilleycrop14@mysql.com');
insert into entities (_id, username, password, email) values ('65757316fc13ae561bfa2114', 'Glynda', '$2a$04$KZbZ4Aq8b3syqVyYcT.oPuM0XIgqRUhl5vL6I3tv19RFXsWrjiqTm', 'ggrealey15@discovery.com');
insert into entities (_id, username, password, email) values ('65757316fc13ae561bfa2115', 'Ginnie', '$2a$04$IBtcf0v4A83MaVvXCAREeuRB1uhntv5UhaSN0SYMic/ROVkaEpVpi', 'gbadman16@soundcloud.com');
insert into entities (_id, username, password, email) values ('65757316fc13ae561bfa2116', 'Tedie', '$2a$04$QxtBWTh5eKMiLYU1k7K4IeIUgSqt5HQp1kK2CrhEualQ29oOIrR8C', 'ttoffoloni17@theguardian.com');
insert into entities (_id, username, password, email) values ('65757316fc13ae561bfa2117', 'Babette', '$2a$04$ctdERfcYKMpEwv4PdUeuT.AiH1.6XNUZS.7I2/a1OiW6sMAUUDQuO', 'bmitkin18@reference.com');
insert into entities (_id, username, password, email) values ('65757316fc13ae561bfa2118', 'Deane', '$2a$04$wGgEYJrUz2njveRVf8jxHuGV.5SIrGCJttLu1nSMJ215zbkhdPrYm', 'degre19@businesswire.com');
insert into entities (_id, username, password, email) values ('65757316fc13ae561bfa2119', 'Reamonn', '$2a$04$VHakyBhZ3ebEcnZy4LQo6.6.DJLLpZkBUZk.oFfuINIedIyLl1f6C', 'rstrelitzki1a@baidu.com');
insert into entities (_id, username, password, email) values ('65757316fc13ae561bfa211a', 'Aigneis', '$2a$04$d/d3niuEAJIreq/OriUElOpDsMGIWQVjMahJHYwDBXVIqFcmXtz..', 'abygrave1b@nbcnews.com');
insert into entities (_id, username, password, email) values ('65757316fc13ae561bfa211b', 'Marven', '$2a$04$6NIJKxav510sdRN1TseGverZzwxvoHMotZTnwMDR3uXZazpAH5OjO', 'mburet1c@hugedomains.com');
insert into entities (_id, username, password, email) values ('65757316fc13ae561bfa211c', 'Dorette', '$2a$04$RiqckewgZWBFj2jNYikcjeP.Jix16XQ3eRItgBaQ5tD0DfBH62B4G', 'drayner1d@deliciousdays.com');



insert into products (_id, name, description, price, quantity, created_at) values ('6591464efc13ae0a31fa20b9', 'Cold Head Congestion Daytime Non-Drowsy', 'Integer a nibh. In quis justo.', 29.61, 95, '2023-12-28 15:56:58');
insert into products (_id, name, description, price, quantity, created_at) values ('6591464efc13ae0a31fa20ba', 'North Cough Drop', 'Morbi odio odio, elementum eu, interdum eu, tincidunt in, leo.', 12.37, 9, '2023-08-08 17:50:59');
insert into products (_id, name, description, price, quantity, created_at) values ('6591464efc13ae0a31fa20bb', 'Suave', 'Quisque porta volutpat erat.', 64.97, 143, '2023-07-30 01:10:51');
insert into products (_id, name, description, price, quantity, created_at) values ('6591464efc13ae0a31fa20bc', 'Quetiapine Fumarate', 'Mauris lacinia sapien quis libero.', 45.9, 78, '2023-03-28 05:53:39');
insert into products (_id, name, description, price, quantity, created_at) values ('6591464efc13ae0a31fa20bd', 'ONDANSETRON HYDROCHLORIDE', 'Nulla nisl.', 45.17, 49, '2023-08-20 17:52:29');
insert into products (_id, name, description, price, quantity, created_at) values ('6591464efc13ae0a31fa20be', 'Parathyroplex', 'Mauris lacinia sapien quis libero. Nullam sit amet turpis elementum ligula vehicula consequat.', 91.56, 102, '2023-04-09 14:35:29');
insert into products (_id, name, description, price, quantity, created_at) values ('6591464efc13ae0a31fa20bf', 'Oxycodone hydrochloride and Ibuprofen', 'Curabitur gravida nisi at nibh. In hac habitasse platea dictumst.', 20.39, 0, '2023-04-10 16:49:20');
insert into products (_id, name, description, price, quantity, created_at) values ('6591464efc13ae0a31fa20c0', 'PAROXETINE', null, 46.33, 53, '2023-09-01 08:05:41');
insert into products (_id, name, description, price, quantity, created_at) values ('6591464efc13ae0a31fa20c1', 'Tikosyn', 'Praesent id massa id nisl venenatis lacinia. Aenean sit amet justo. Morbi ut odio.', 22.21, 52, '2023-03-26 17:07:27');
insert into products (_id, name, description, price, quantity, created_at) values ('6591464efc13ae0a31fa20c2', 'Good sense sleep aid', 'Nulla suscipit ligula in lacus. Curabitur at ipsum ac tellus semper interdum. Mauris ullamcorper purus sit amet nulla.', 5.9, 117, '2023-08-22 03:58:04');
insert into products (_id, name, description, price, quantity, created_at) values ('6591464efc13ae0a31fa20c3', 'Nifedipine', 'Quisque id justo sit amet sapien dignissim vestibulum. Vestibulum ante ipsum primis in faucibus orci luctus et ultrices posuere cubilia Curae; Nulla dapibus dolor vel est.', 76.11, 24, '2023-03-22 12:19:22');
insert into products (_id, name, description, price, quantity, created_at) values ('6591464efc13ae0a31fa20c4', 'PREPOPIK', null, 49.86, 145, '2023-12-25 09:14:44');
insert into products (_id, name, description, price, quantity, created_at) values ('6591464efc13ae0a31fa20c5', 'Lidocaine Hydrochloride and Epinephrine', 'Vestibulum ante ipsum primis in faucibus orci luctus et ultrices posuere cubilia Curae; Nulla dapibus dolor vel est. Donec odio justo, sollicitudin ut, suscipit a, feugiat et, eros.', 18.85, 13, '2023-10-03 15:20:11');
insert into products (_id, name, description, price, quantity, created_at) values ('6591464efc13ae0a31fa20c6', 'IC-Green', 'Nam ultrices, libero non mattis pulvinar, nulla pede ullamcorper augue, a suscipit nulla elit ac nulla. Sed vel enim sit amet nunc viverra dapibus.', 51.88, 126, '2023-08-05 03:01:44');
insert into products (_id, name, description, price, quantity, created_at) values ('6591464efc13ae0a31fa20c7', 'Laxative', 'Maecenas tincidunt lacus at velit. Vivamus vel nulla eget eros elementum pellentesque. Quisque porta volutpat erat.', 38.48, 86, '2023-03-26 04:43:54');
insert into products (_id, name, description, price, quantity, created_at) values ('6591464efc13ae0a31fa20c8', 'Balmex Diaper Rash Stick', 'In sagittis dui vel nisl. Duis ac nibh. Fusce lacus purus, aliquet at, feugiat non, pretium quis, lectus.', 83.93, 92, '2023-03-18 14:18:06');
insert into products (_id, name, description, price, quantity, created_at) values ('6591464efc13ae0a31fa20c9', 'Standardized Grass Pollen, Sweet Vernal Grass', null, 65.34, 6, '2023-02-05 05:28:15');
insert into products (_id, name, description, price, quantity, created_at) values ('6591464efc13ae0a31fa20ca', 'Ibuprofen and Diphenhydramine Citrate', 'Lorem ipsum dolor sit amet, consectetuer adipiscing elit. Proin interdum mauris non ligula pellentesque ultrices. Phasellus id sapien in sapien iaculis congue.', 80.94, 75, '2023-04-24 05:29:21');
insert into products (_id, name, description, price, quantity, created_at) values ('6591464efc13ae0a31fa20cb', 'Prazosin Hydrochloride', 'Donec semper sapien a libero. Nam dui. Proin leo odio, porttitor id, consequat in, consequat ut, nulla.', 22.74, 17, '2023-09-05 15:41:45');
insert into products (_id, name, description, price, quantity, created_at) values ('6591464efc13ae0a31fa20cc', 'Leader Kids', 'Morbi porttitor lorem id ligula. Suspendisse ornare consequat lectus.', 68.19, 85, '2023-06-29 01:57:53');
insert into products (_id, name, description, price, quantity, created_at) values ('6591464efc13ae0a31fa20cd', 'Hive Away', 'Cum sociis natoque penatibus et magnis dis parturient montes, nascetur ridiculus mus. Vivamus vestibulum sagittis sapien. Cum sociis natoque penatibus et magnis dis parturient montes, nascetur ridiculus mus.', 34.82, 122, '2023-02-09 03:53:11');
insert into products (_id, name, description, price, quantity, created_at) values ('6591464efc13ae0a31fa20ce', 'Carvedilol', 'Integer a nibh.', 16.37, 93, '2023-08-23 13:58:38');
insert into products (_id, name, description, price, quantity, created_at) values ('6591464efc13ae0a31fa20cf', 'Levetiracetam', 'Cras non velit nec nisi vulputate nonummy. Maecenas tincidunt lacus at velit. Vivamus vel nulla eget eros elementum pellentesque.', 39.68, 140, '2023-01-24 23:48:38');
insert into products (_id, name, description, price, quantity, created_at) values ('6591464efc13ae0a31fa20d0', 'RITE AID RENEWAL', 'Maecenas rhoncus aliquam lacus. Morbi quis tortor id nulla ultrices aliquet.', 55.89, 26, '2023-11-29 20:16:50');
insert into products (_id, name, description, price, quantity, created_at) values ('6591464efc13ae0a31fa20d1', 'Degree', 'Proin at turpis a pede posuere nonummy. Integer non velit. Donec diam neque, vestibulum eget, vulputate ut, ultrices vel, augue.', 42.71, 146, '2023-10-04 03:07:22');
insert into products (_id, name, description, price, quantity, created_at) values ('6591464efc13ae0a31fa20d2', 'Anti-Diarrheal', 'Morbi sem mauris, laoreet ut, rhoncus aliquet, pulvinar sed, nisl. Nunc rhoncus dui vel sem. Sed sagittis.', 3.19, 6, '2023-04-21 20:59:14');
insert into products (_id, name, description, price, quantity, created_at) values ('6591464efc13ae0a31fa20d3', 'Hydralazine Hydrochloride', 'Duis bibendum. Morbi non quam nec dui luctus rutrum.', 63.09, 142, '2023-04-27 03:53:19');
insert into products (_id, name, description, price, quantity, created_at) values ('6591464efc13ae0a31fa20d4', 'Ulta Sparkling Lemon Anti-Bacterial Deep Cleansing', 'Lorem ipsum dolor sit amet, consectetuer adipiscing elit. Proin interdum mauris non ligula pellentesque ultrices. Phasellus id sapien in sapien iaculis congue.', 3.4, 130, '2023-12-15 01:40:44');
insert into products (_id, name, description, price, quantity, created_at) values ('6591464efc13ae0a31fa20d5', 'DRONABINOL', 'Mauris enim leo, rhoncus sed, vestibulum sit amet, cursus id, turpis. Integer aliquet, massa id lobortis convallis, tortor risus dapibus augue, vel accumsan tellus nisi eu orci.', 20.1, 14, '2023-10-30 16:43:20');
insert into products (_id, name, description, price, quantity, created_at) values ('6591464efc13ae0a31fa20d6', 'Imipramine Hydrochloride', 'Duis at velit eu est congue elementum. In hac habitasse platea dictumst.', 94.38, 7, '2023-10-27 12:21:36');
insert into products (_id, name, description, price, quantity, created_at) values ('6591464efc13ae0a31fa20d7', 'Proactiv', 'Cum sociis natoque penatibus et magnis dis parturient montes, nascetur ridiculus mus. Vivamus vestibulum sagittis sapien. Cum sociis natoque penatibus et magnis dis parturient montes, nascetur ridiculus mus.', 19.25, 15, '2023-02-18 23:49:51');
insert into products (_id, name, description, price, quantity, created_at) values ('6591464efc13ae0a31fa20d8', 'Sufentanil Citrate', 'Integer ac neque. Duis bibendum. Morbi non quam nec dui luctus rutrum.', 57.18, 26, '2023-11-24 08:51:44');
insert into products (_id, name, description, price, quantity, created_at) values ('6591464efc13ae0a31fa20d9', 'ZANG QI', 'Donec vitae nisi.', 25.24, 18, '2023-08-09 18:55:04');
insert into products (_id, name, description, price, quantity, created_at) values ('6591464efc13ae0a31fa20da', 'Hydrocortisone', 'Vivamus metus arcu, adipiscing molestie, hendrerit at, vulputate vitae, nisl. Aenean lectus.', 23.13, 36, '2023-05-15 17:56:24');
insert into products (_id, name, description, price, quantity, created_at) values ('6591464efc13ae0a31fa20db', 'Enoxaparin sodium', 'Nullam molestie nibh in lectus. Pellentesque at nulla.', 49.68, 73, '2023-08-05 20:15:09');
insert into products (_id, name, description, price, quantity, created_at) values ('6591464efc13ae0a31fa20dc', 'Allergy Eye Relief', 'Pellentesque viverra pede ac diam. Cras pellentesque volutpat dui. Maecenas tristique, est et tempus semper, est quam pharetra magna, ac consequat metus sapien ut nunc.', 93.92, 46, '2023-01-24 21:25:15');
insert into products (_id, name, description, price, quantity, created_at) values ('6591464efc13ae0a31fa20dd', 'Cerebellum Thalamus B Aurum', 'Pellentesque at nulla.', 27.49, 107, '2023-10-20 09:30:01');
insert into products (_id, name, description, price, quantity, created_at) values ('6591464efc13ae0a31fa20de', 'PRINIVIL', 'Mauris enim leo, rhoncus sed, vestibulum sit amet, cursus id, turpis. Integer aliquet, massa id lobortis convallis, tortor risus dapibus augue, vel accumsan tellus nisi eu orci. Mauris lacinia sapien quis libero.', 22.03, 119, '2023-03-21 03:13:19');
insert into products (_id, name, description, price, quantity, created_at) values ('6591464efc13ae0a31fa20df', 'VIRACEPT', 'Duis at velit eu est congue elementum. In hac habitasse platea dictumst.', 82.06, 79, '2023-03-01 08:36:04');
insert into products (_id, name, description, price, quantity, created_at) values ('6591464efc13ae0a31fa20e0', 'NEXT 1 Anti-bacterial', 'Aliquam sit amet diam in magna bibendum imperdiet.', 24.74, 44, '2023-06-28 19:35:23');
insert into products (_id, name, description, price, quantity, created_at) values ('6591464efc13ae0a31fa20e1', 'Carbinoxamine Maleate', 'Donec dapibus. Duis at velit eu est congue elementum. In hac habitasse platea dictumst.', 81.89, 31, '2023-09-30 13:39:24');
insert into products (_id, name, description, price, quantity, created_at) values ('6591464efc13ae0a31fa20e2', 'Epzicom', 'In hac habitasse platea dictumst.', 92.94, 98, '2023-10-26 06:19:19');
insert into products (_id, name, description, price, quantity, created_at) values ('6591464efc13ae0a31fa20e3', 'American Beech', null, 73.39, 31, '2023-11-11 12:19:11');
insert into products (_id, name, description, price, quantity, created_at) values ('6591464efc13ae0a31fa20e4', 'Strength M', null, 93.37, 54, '2023-09-21 14:50:47');
insert into products (_id, name, description, price, quantity, created_at) values ('6591464efc13ae0a31fa20e5', 'triamcinolone acetonide', 'Proin interdum mauris non ligula pellentesque ultrices. Phasellus id sapien in sapien iaculis congue. Vivamus metus arcu, adipiscing molestie, hendrerit at, vulputate vitae, nisl.', 19.8, 66, '2023-05-20 12:06:40');
insert into products (_id, name, description, price, quantity, created_at) values ('6591464efc13ae0a31fa20e6', 'Metoclopramide Hydrochloride', 'Duis at velit eu est congue elementum. In hac habitasse platea dictumst.', 13.51, 8, '2023-02-26 17:29:19');
insert into products (_id, name, description, price, quantity, created_at) values ('6591464efc13ae0a31fa20e7', 'Escitalopram', 'Duis at velit eu est congue elementum.', 81.03, 15, '2023-11-07 13:11:10');
insert into products (_id, name, description, price, quantity, created_at) values ('6591464efc13ae0a31fa20e8', 'CELEBREX', 'Nam ultrices, libero non mattis pulvinar, nulla pede ullamcorper augue, a suscipit nulla elit ac nulla. Sed vel enim sit amet nunc viverra dapibus.', 68.73, 131, '2023-05-22 03:05:53');
insert into products (_id, name, description, price, quantity, created_at) values ('6591464efc13ae0a31fa20e9', 'MARVEL ULTIMATE SPIDER-MAN ANTIBACTERIAL HAND WIPES', 'Praesent blandit lacinia erat.', 25.65, 93, '2023-08-20 06:34:07');
insert into products (_id, name, description, price, quantity, created_at) values ('6591464efc13ae0a31fa20ea', 'Banana Boat Ultra Defense Sheer Protect FPS 50 LATAM', 'Fusce lacus purus, aliquet at, feugiat non, pretium quis, lectus. Suspendisse potenti. In eleifend quam a odio.', 76.99, 149, '2023-04-10 13:05:50');



insert into attractions (_id, city, country, description, price, ratings, opening_hours, type_of_attraction) values ('65e3d46ffc13ae629ccd367e', 'Gryazovets', 'Russia', 'odio in hac habitasse platea dictumst maecenas ut massa quis', 590.12, 1.6, '10:48 AM', 'Markets and Bazaars');
insert into attractions (_id, city, country, description, price, ratings, opening_hours, type_of_attraction) values ('65e3d46ffc13ae629ccd367f', 'Qingquan', 'China', 'volutpat erat quisque erat eros viverra eget congue eget semper', 685.8, 3.8, '11:01 AM', 'Markets and Bazaars');
insert into attractions (_id, city, country, description, price, ratings, opening_hours, type_of_attraction) values ('65e3d46ffc13ae629ccd3680', 'La Virginia', 'Colombia', 'nibh in hac habitasse platea dictumst aliquam augue quam sollicitudin vitae consectetuer eget rutrum at lorem', 925.46, 2.2, '7:06 AM', 'Beaches and Islands');
insert into attractions (_id, city, country, description, price, ratings, opening_hours, type_of_attraction) values ('65e3d46ffc13ae629ccd3681', 'Armopa', 'Indonesia', 'in sapien iaculis congue vivamus metus arcu adipiscing molestie hendrerit at vulputate vitae nisl aenean lectus pellentesque eget nunc donec', 535.98, 4.8, '2:56 AM', 'Beaches and Islands');
insert into attractions (_id, city, country, description, price, ratings, opening_hours, type_of_attraction) values ('65e3d46ffc13ae629ccd3682', 'Muonio', 'Finland', 'tincidunt ante vel ipsum praesent blandit lacinia erat vestibulum sed magna at nunc commodo placerat praesent blandit nam nulla integer', 274.69, 3.8, '1:02 PM', 'Markets and Bazaars');
insert into attractions (_id, city, country, description, price, ratings, opening_hours, type_of_attraction) values ('65e3d46ffc13ae629ccd3683', 'Nyrkiv', 'Ukraine', 'consequat lectus in est risus auctor sed tristique in tempus sit amet', 534.15, 2.3, '12:40 AM', 'Historical Sites and Monuments');
insert into attractions (_id, city, country, description, price, ratings, opening_hours, type_of_attraction) values ('65e3d46ffc13ae629ccd3684', 'Hostivice', 'Czech Republic', 'hac habitasse platea dictumst morbi vestibulum velit id pretium iaculis diam erat', 405.56, 7.7, '6:52 PM', 'Historical Sites and Monuments');
insert into attractions (_id, city, country, description, price, ratings, opening_hours, type_of_attraction) values ('65e3d46ffc13ae629ccd3685', 'Castanheira', 'Portugal', 'justo morbi ut odio cras mi pede malesuada in imperdiet et commodo vulputate justo in blandit ultrices', 422.33, 8.0, '1:42 AM', 'Historical Sites and Monuments');
insert into attractions (_id, city, country, description, price, ratings, opening_hours, type_of_attraction) values ('65e3d46ffc13ae629ccd3686', 'Beixinjie', 'China', 'nulla tempus vivamus in felis eu sapien cursus vestibulum proin eu mi nulla ac', 870.97, 6.9, '9:08 PM', 'Temples and Religious Sites');
insert into attractions (_id, city, country, description, price, ratings, opening_hours, type_of_attraction) values ('65e3d46ffc13ae629ccd3687', 'Le Chambon-Feugerolles', 'France', 'vestibulum aliquet ultrices erat tortor sollicitudin mi sit amet lobortis sapien sapien non mi integer ac neque duis', 713.6, 3.2, '7:34 PM', 'Gardens and Parks');
insert into attractions (_id, city, country, description, price, ratings, opening_hours, type_of_attraction) values ('65e3d46ffc13ae629ccd3688', 'Guoyuan', 'China', 'orci luctus et ultrices posuere cubilia curae donec pharetra magna vestibulum aliquet ultrices erat tortor sollicitudin mi sit', 485.02, 6.0, '12:27 AM', 'Natural Wonders and Landscapes');
insert into attractions (_id, city, country, description, price, ratings, opening_hours, type_of_attraction) values ('65e3d46ffc13ae629ccd3689', 'Yangong', 'China', 'integer a nibh in quis justo maecenas rhoncus aliquam lacus morbi quis tortor id nulla ultrices aliquet', 448.05, 8.0, '11:13 AM', 'Historical Sites and Monuments');
insert into attractions (_id, city, country, description, price, ratings, opening_hours, type_of_attraction) values ('65e3d46ffc13ae629ccd368a', 'Zhuhe', 'China', 'tempus semper est quam pharetra magna ac consequat metus sapien ut nunc vestibulum ante ipsum primis', 598.31, 9.8, '8:32 PM', 'Historical Sites and Monuments');
insert into attractions (_id, city, country, description, price, ratings, opening_hours, type_of_attraction) values ('65e3d46ffc13ae629ccd368b', 'Diamantina', 'Brazil', 'pulvinar sed nisl nunc rhoncus dui vel sem sed sagittis nam congue risus semper porta volutpat quam', 660.58, 9.5, '3:40 AM', 'Historical Sites and Monuments');
insert into attractions (_id, city, country, description, price, ratings, opening_hours, type_of_attraction) values ('65e3d46ffc13ae629ccd368c', 'Gevgelija', 'Macedonia', 'nulla nisl nunc nisl duis bibendum felis sed interdum venenatis turpis enim', 146.89, 4.7, '2:12 AM', 'Gardens and Parks');
insert into attractions (_id, city, country, description, price, ratings, opening_hours, type_of_attraction) values ('65e3d46ffc13ae629ccd368d', 'Castres', 'France', 'et magnis dis parturient montes nascetur ridiculus mus etiam vel augue vestibulum', 946.03, 5.0, '2:33 PM', 'Temples and Religious Sites');
insert into attractions (_id, city, country, description, price, ratings, opening_hours, type_of_attraction) values ('65e3d46ffc13ae629ccd368e', 'San Antonio', 'Mexico', 'duis ac nibh fusce lacus purus aliquet at feugiat non pretium quis lectus suspendisse potenti in', 857.12, 1.1, '7:18 PM', 'Gardens and Parks');
insert into attractions (_id, city, country, description, price, ratings, opening_hours, type_of_attraction) values ('65e3d46ffc13ae629ccd368f', 'Odawara', 'Japan', 'nibh fusce lacus purus aliquet at feugiat non pretium quis lectus suspendisse potenti in eleifend quam a odio in', 249.41, 4.0, '3:11 AM', 'Natural Wonders and Landscapes');
insert into attractions (_id, city, country, description, price, ratings, opening_hours, type_of_attraction) values ('65e3d46ffc13ae629ccd3690', 'Liuzuo', 'China', 'libero non mattis pulvinar nulla pede ullamcorper augue a suscipit nulla elit ac nulla sed vel enim', 193.63, 3.2, '4:46 AM', 'Natural Wonders and Landscapes');
insert into attractions (_id, city, country, description, price, ratings, opening_hours, type_of_attraction) values ('65e3d46ffc13ae629ccd3691', 'Changxuanling', 'China', 'convallis nulla neque libero convallis eget eleifend luctus ultricies eu nibh quisque id justo sit amet sapien dignissim vestibulum vestibulum', 212.56, 7.5, '2:02 AM', 'Historical Sites and Monuments');
insert into attractions (_id, city, country, description, price, ratings, opening_hours, type_of_attraction) values ('65e3d46ffc13ae629ccd3692', 'Bafoussam', 'Cameroon', 'vestibulum ante ipsum primis in faucibus orci luctus et ultrices posuere cubilia', 165.5, 6.3, '8:57 PM', 'Beaches and Islands');
insert into attractions (_id, city, country, description, price, ratings, opening_hours, type_of_attraction) values ('65e3d46ffc13ae629ccd3693', 'Roxas', 'Philippines', 'rhoncus aliquam lacus morbi quis tortor id nulla ultrices aliquet maecenas leo odio condimentum id luctus nec molestie sed justo', 966.69, 5.2, '9:33 PM', 'Temples and Religious Sites');
insert into attractions (_id, city, country, description, price, ratings, opening_hours, type_of_attraction) values ('65e3d46ffc13ae629ccd3694', 'El Hatillo', 'Venezuela', 'sit amet diam in magna bibendum imperdiet nullam orci pede venenatis non sodales sed tincidunt eu', 91.33, 1.3, '12:57 AM', 'Natural Wonders and Landscapes');
insert into attractions (_id, city, country, description, price, ratings, opening_hours, type_of_attraction) values ('65e3d46ffc13ae629ccd3695', 'Trélissac', 'France', 'curae mauris viverra diam vitae quam suspendisse potenti nullam porttitor lacus', 878.24, 3.5, '12:45 PM', 'Natural Wonders and Landscapes');
insert into attractions (_id, city, country, description, price, ratings, opening_hours, type_of_attraction) values ('65e3d46ffc13ae629ccd3696', 'Dongyuan', 'China', 'ligula sit amet eleifend pede libero quis orci nullam molestie nibh in lectus pellentesque at nulla suspendisse', 12.63, 5.4, '11:12 AM', 'Historical Sites and Monuments');
insert into attractions (_id, city, country, description, price, ratings, opening_hours, type_of_attraction) values ('65e3d46ffc13ae629ccd3697', 'Vällingby', 'Sweden', 'eu nibh quisque id justo sit amet sapien dignissim vestibulum vestibulum ante ipsum primis in', 475.34, 2.3, '10:09 AM', 'Beaches and Islands');
insert into attractions (_id, city, country, description, price, ratings, opening_hours, type_of_attraction) values ('65e3d46ffc13ae629ccd3698', 'Tangxian', 'China', 'quam sapien varius ut blandit non interdum in ante vestibulum ante ipsum primis in faucibus orci luctus et ultrices posuere', 372.05, 4.0, '10:39 AM', 'Natural Wonders and Landscapes');
insert into attractions (_id, city, country, description, price, ratings, opening_hours, type_of_attraction) values ('65e3d46ffc13ae629ccd3699', 'Sinjhoro', 'Pakistan', 'aenean fermentum donec ut mauris eget massa tempor convallis nulla neque libero convallis', 311.66, 6.9, '10:34 PM', 'Temples and Religious Sites');
insert into attractions (_id, city, country, description, price, ratings, opening_hours, type_of_attraction) values ('65e3d46ffc13ae629ccd369a', 'Chengkan', 'China', 'etiam justo etiam pretium iaculis justo in hac habitasse platea', 86.08, 4.4, '3:10 AM', 'Natural Wonders and Landscapes');
insert into attractions (_id, city, country, description, price, ratings, opening_hours, type_of_attraction) values ('65e3d46ffc13ae629ccd369b', 'Thị Trấn Phước Bửu', 'Vietnam', 'sit amet cursus id turpis integer aliquet massa id lobortis convallis tortor risus dapibus augue vel accumsan', 880.17, 5.6, '8:05 PM', 'Beaches and Islands');
insert into attractions (_id, city, country, description, price, ratings, opening_hours, type_of_attraction) values ('65e3d46ffc13ae629ccd369c', 'Ylämaa', 'Finland', 'id pretium iaculis diam erat fermentum justo nec condimentum neque sapien placerat ante nulla justo aliquam quis turpis eget elit', 486.22, 5.9, '4:32 PM', 'Historical Sites and Monuments');
insert into attractions (_id, city, country, description, price, ratings, opening_hours, type_of_attraction) values ('65e3d46ffc13ae629ccd369d', 'Zaleszany', 'Poland', 'felis sed lacus morbi sem mauris laoreet ut rhoncus aliquet pulvinar sed nisl nunc rhoncus', 419.93, 1.4, '3:46 PM', 'Markets and Bazaars');
insert into attractions (_id, city, country, description, price, ratings, opening_hours, type_of_attraction) values ('65e3d46ffc13ae629ccd369e', 'Imbang', 'Philippines', 'vulputate justo in blandit ultrices enim lorem ipsum dolor sit amet consectetuer adipiscing elit proin interdum mauris', 769.39, 3.2, '12:36 AM', 'Natural Wonders and Landscapes');
insert into attractions (_id, city, country, description, price, ratings, opening_hours, type_of_attraction) values ('65e3d46ffc13ae629ccd369f', 'Volgodonsk', 'Russia', 'ultrices enim lorem ipsum dolor sit amet consectetuer adipiscing elit proin interdum mauris non ligula pellentesque ultrices phasellus', 815.95, 9.9, '9:29 PM', 'Gardens and Parks');
insert into attractions (_id, city, country, description, price, ratings, opening_hours, type_of_attraction) values ('65e3d46ffc13ae629ccd36a0', 'Runka', 'Nigeria', 'tempor convallis nulla neque libero convallis eget eleifend luctus ultricies eu nibh quisque id justo sit', 916.95, 4.1, '10:56 AM', 'Markets and Bazaars');
insert into attractions (_id, city, country, description, price, ratings, opening_hours, type_of_attraction) values ('65e3d46ffc13ae629ccd36a1', 'Ridder', 'Kazakhstan', 'amet sem fusce consequat nulla nisl nunc nisl duis bibendum felis sed interdum venenatis turpis', 612.43, 7.3, '2:06 AM', 'Historical Sites and Monuments');
insert into attractions (_id, city, country, description, price, ratings, opening_hours, type_of_attraction) values ('65e3d46ffc13ae629ccd36a2', 'Belyye Stolby', 'Russia', 'risus auctor sed tristique in tempus sit amet sem fusce consequat nulla nisl nunc nisl duis bibendum felis sed interdum', 596.05, 7.8, '7:22 PM', 'Markets and Bazaars');
insert into attractions (_id, city, country, description, price, ratings, opening_hours, type_of_attraction) values ('65e3d46ffc13ae629ccd36a3', 'Santiago', 'Paraguay', 'vel nisl duis ac nibh fusce lacus purus aliquet at feugiat non pretium quis lectus suspendisse potenti in', 385.08, 9.8, '12:15 AM', 'Beaches and Islands');
insert into attractions (_id, city, country, description, price, ratings, opening_hours, type_of_attraction) values ('65e3d46ffc13ae629ccd36a4', 'Torkanivka', 'Ukraine', 'at turpis a pede posuere nonummy integer non velit donec diam neque vestibulum eget vulputate ut', 344.75, 3.6, '2:51 AM', 'Gardens and Parks');
insert into attractions (_id, city, country, description, price, ratings, opening_hours, type_of_attraction) values ('65e3d46ffc13ae629ccd36a5', 'Pilcaniyeu', 'Argentina', 'sit amet sem fusce consequat nulla nisl nunc nisl duis bibendum felis sed', 419.97, 4.8, '8:32 AM', 'Temples and Religious Sites');
insert into attractions (_id, city, country, description, price, ratings, opening_hours, type_of_attraction) values ('65e3d46ffc13ae629ccd36a6', 'Gaoping', 'China', 'sit amet consectetuer adipiscing elit proin risus praesent lectus vestibulum quam sapien varius ut blandit non interdum in', 676.03, 8.5, '5:20 AM', 'Markets and Bazaars');
insert into attractions (_id, city, country, description, price, ratings, opening_hours, type_of_attraction) values ('65e3d46ffc13ae629ccd36a7', 'Koniaków', 'Poland', 'potenti nullam porttitor lacus at turpis donec posuere metus vitae ipsum aliquam non mauris morbi non lectus aliquam sit', 934.11, 9.4, '7:36 AM', 'Gardens and Parks');
insert into attractions (_id, city, country, description, price, ratings, opening_hours, type_of_attraction) values ('65e3d46ffc13ae629ccd36a8', 'Ujung', 'Indonesia', 'tortor sollicitudin mi sit amet lobortis sapien sapien non mi integer ac', 820.83, 5.1, '5:32 AM', 'Gardens and Parks');
insert into attractions (_id, city, country, description, price, ratings, opening_hours, type_of_attraction) values ('65e3d46ffc13ae629ccd36a9', 'Lincuo', 'China', 'dapibus dolor vel est donec odio justo sollicitudin ut suscipit a feugiat et eros vestibulum ac est lacinia nisi venenatis', 910.95, 5.3, '4:55 PM', 'Beaches and Islands');
insert into attractions (_id, city, country, description, price, ratings, opening_hours, type_of_attraction) values ('65e3d46ffc13ae629ccd36aa', 'Linhó', 'Portugal', 'ultrices posuere cubilia curae donec pharetra magna vestibulum aliquet ultrices erat', 613.53, 2.3, '6:37 AM', 'Temples and Religious Sites');
insert into attractions (_id, city, country, description, price, ratings, opening_hours, type_of_attraction) values ('65e3d46ffc13ae629ccd36ab', 'Zandak', 'Russia', 'praesent lectus vestibulum quam sapien varius ut blandit non interdum', 661.74, 4.7, '10:34 AM', 'Temples and Religious Sites');
insert into attractions (_id, city, country, description, price, ratings, opening_hours, type_of_attraction) values ('65e3d46ffc13ae629ccd36ac', 'Nangkasari', 'Indonesia', 'rhoncus aliquam lacus morbi quis tortor id nulla ultrices aliquet maecenas leo odio', 540.83, 8.9, '2:51 AM', 'Gardens and Parks');
insert into attractions (_id, city, country, description, price, ratings, opening_hours, type_of_attraction) values ('65e3d46ffc13ae629ccd36ad', 'Presidente Bernardes', 'Brazil', 'luctus et ultrices posuere cubilia curae donec pharetra magna vestibulum aliquet ultrices erat tortor sollicitudin mi sit', 786.85, 9.6, '4:46 PM', 'Natural Wonders and Landscapes');
insert into attractions (_id, city, country, description, price, ratings, opening_hours, type_of_attraction) values ('65e3d46ffc13ae629ccd36ae', 'Caibarién', 'Cuba', 'luctus nec molestie sed justo pellentesque viverra pede ac diam cras pellentesque volutpat', 432.18, 2.3, '12:05 AM', 'Natural Wonders and Landscapes');
insert into attractions (_id, city, country, description, price, ratings, opening_hours, type_of_attraction) values ('65e3d46ffc13ae629ccd36af', 'Suvorov', 'Russia', 'etiam pretium iaculis justo in hac habitasse platea dictumst etiam faucibus cursus urna ut', 266.0, 7.6, '7:25 PM', 'Gardens and Parks');
insert into attractions (_id, city, country, description, price, ratings, opening_hours, type_of_attraction) values ('65e3d46ffc13ae629ccd36b0', 'Bol’shoy Karay', 'Russia', 'ut at dolor quis odio consequat varius integer ac leo pellentesque ultrices mattis odio donec vitae nisi nam', 645.73, 4.3, '4:44 AM', 'Historical Sites and Monuments');
insert into attractions (_id, city, country, description, price, ratings, opening_hours, type_of_attraction) values ('65e3d46ffc13ae629ccd36b1', 'Tournon-sur-Rhône', 'France', 'diam erat fermentum justo nec condimentum neque sapien placerat ante nulla justo', 767.16, 2.0, '12:52 PM', 'Gardens and Parks');
insert into attractions (_id, city, country, description, price, ratings, opening_hours, type_of_attraction) values ('65e3d46ffc13ae629ccd36b2', 'Carmen', 'Philippines', 'vestibulum ante ipsum primis in faucibus orci luctus et ultrices', 913.66, 1.1, '9:26 PM', 'Markets and Bazaars');
insert into attractions (_id, city, country, description, price, ratings, opening_hours, type_of_attraction) values ('65e3d46ffc13ae629ccd36b3', 'Khallat ad Dār', 'Palestinian Territory', 'justo sollicitudin ut suscipit a feugiat et eros vestibulum ac est lacinia', 573.16, 3.7, '1:18 AM', 'Beaches and Islands');
insert into attractions (_id, city, country, description, price, ratings, opening_hours, type_of_attraction) values ('65e3d46ffc13ae629ccd36b4', 'Łomianki', 'Poland', 'rutrum neque aenean auctor gravida sem praesent id massa id nisl venenatis lacinia aenean sit amet justo', 782.45, 7.0, '5:59 PM', 'Beaches and Islands');
insert into attractions (_id, city, country, description, price, ratings, opening_hours, type_of_attraction) values ('65e3d46ffc13ae629ccd36b5', 'Sanchang', 'China', 'consequat in consequat ut nulla sed accumsan felis ut at dolor quis odio consequat varius integer ac leo pellentesque', 284.17, 9.4, '8:40 AM', 'Historical Sites and Monuments');
insert into attractions (_id, city, country, description, price, ratings, opening_hours, type_of_attraction) values ('65e3d46ffc13ae629ccd36b6', 'Kumanis', 'Indonesia', 'justo maecenas rhoncus aliquam lacus morbi quis tortor id nulla ultrices aliquet maecenas leo odio condimentum id luctus', 272.52, 2.8, '12:33 AM', 'Historical Sites and Monuments');
insert into attractions (_id, city, country, description, price, ratings, opening_hours, type_of_attraction) values ('65e3d46ffc13ae629ccd36b7', 'Shijiazhuang', 'China', 'mi pede malesuada in imperdiet et commodo vulputate justo in', 295.49, 1.5, '5:24 PM', 'Historical Sites and Monuments');
insert into attractions (_id, city, country, description, price, ratings, opening_hours, type_of_attraction) values ('65e3d46ffc13ae629ccd36b8', 'Schellenberg', 'Liechtenstein', 'non lectus aliquam sit amet diam in magna bibendum imperdiet nullam orci pede venenatis non sodales sed tincidunt eu felis', 304.75, 1.7, '8:17 AM', 'Historical Sites and Monuments');
insert into attractions (_id, city, country, description, price, ratings, opening_hours, type_of_attraction) values ('65e3d46ffc13ae629ccd36b9', 'Cirangga Kidul', 'Indonesia', 'morbi vel lectus in quam fringilla rhoncus mauris enim leo rhoncus sed vestibulum sit amet', 279.15, 6.3, '8:50 PM', 'Markets and Bazaars');
insert into attractions (_id, city, country, description, price, ratings, opening_hours, type_of_attraction) values ('65e3d46ffc13ae629ccd36ba', 'Zhouzhuang', 'China', 'ante ipsum primis in faucibus orci luctus et ultrices posuere cubilia', 51.53, 1.9, '1:41 AM', 'Gardens and Parks');
insert into attractions (_id, city, country, description, price, ratings, opening_hours, type_of_attraction) values ('65e3d46ffc13ae629ccd36bb', 'Pancoran', 'Indonesia', 'proin interdum mauris non ligula pellentesque ultrices phasellus id sapien in sapien iaculis congue vivamus metus arcu adipiscing molestie', 482.49, 9.5, '7:33 AM', 'Natural Wonders and Landscapes');
insert into attractions (_id, city, country, description, price, ratings, opening_hours, type_of_attraction) values ('65e3d46ffc13ae629ccd36bc', 'Oesena', 'Indonesia', 'ut suscipit a feugiat et eros vestibulum ac est lacinia', 715.86, 2.1, '11:24 AM', 'Natural Wonders and Landscapes');
insert into attractions (_id, city, country, description, price, ratings, opening_hours, type_of_attraction) values ('65e3d46ffc13ae629ccd36bd', 'Buutuo', 'Liberia', 'integer a nibh in quis justo maecenas rhoncus aliquam lacus morbi quis tortor id nulla ultrices aliquet maecenas leo', 720.66, 9.4, '11:26 AM', 'Historical Sites and Monuments');
insert into attractions (_id, city, country, description, price, ratings, opening_hours, type_of_attraction) values ('65e3d46ffc13ae629ccd36be', 'Watergrasshill', 'Ireland', 'massa quis augue luctus tincidunt nulla mollis molestie lorem quisque ut erat curabitur gravida nisi at nibh in hac habitasse', 937.22, 7.3, '11:08 PM', 'Historical Sites and Monuments');
insert into attractions (_id, city, country, description, price, ratings, opening_hours, type_of_attraction) values ('65e3d46ffc13ae629ccd36bf', 'Babakankiray', 'Indonesia', 'nulla suscipit ligula in lacus curabitur at ipsum ac tellus semper interdum', 504.6, 7.4, '4:07 AM', 'Beaches and Islands');
insert into attractions (_id, city, country, description, price, ratings, opening_hours, type_of_attraction) values ('65e3d46ffc13ae629ccd36c0', 'Barnaul', 'Russia', 'eu orci mauris lacinia sapien quis libero nullam sit amet turpis elementum ligula vehicula consequat', 977.74, 7.4, '7:00 AM', 'Beaches and Islands');
insert into attractions (_id, city, country, description, price, ratings, opening_hours, type_of_attraction) values ('65e3d46ffc13ae629ccd36c1', 'Lipov', 'Czech Republic', 'condimentum id luctus nec molestie sed justo pellentesque viverra pede ac diam cras', 325.03, 2.5, '4:19 PM', 'Gardens and Parks');
insert into attractions (_id, city, country, description, price, ratings, opening_hours, type_of_attraction) values ('65e3d46ffc13ae629ccd36c2', 'Semīrom', 'Iran', 'consequat morbi a ipsum integer a nibh in quis justo maecenas rhoncus aliquam lacus morbi quis tortor id nulla', 509.45, 8.3, '9:24 PM', 'Gardens and Parks');
insert into attractions (_id, city, country, description, price, ratings, opening_hours, type_of_attraction) values ('65e3d46ffc13ae629ccd36c3', 'Malhou', 'Portugal', 'pede ullamcorper augue a suscipit nulla elit ac nulla sed vel enim', 626.38, 3.0, '11:51 PM', 'Gardens and Parks');
insert into attractions (_id, city, country, description, price, ratings, opening_hours, type_of_attraction) values ('65e3d46ffc13ae629ccd36c4', 'Valera', 'Venezuela', 'ac neque duis bibendum morbi non quam nec dui luctus rutrum nulla tellus in sagittis', 472.05, 3.2, '1:03 AM', 'Natural Wonders and Landscapes');
insert into attractions (_id, city, country, description, price, ratings, opening_hours, type_of_attraction) values ('65e3d46ffc13ae629ccd36c5', 'Kiryū', 'Japan', 'eleifend pede libero quis orci nullam molestie nibh in lectus', 863.11, 2.7, '1:59 PM', 'Beaches and Islands');
insert into attractions (_id, city, country, description, price, ratings, opening_hours, type_of_attraction) values ('65e3d46ffc13ae629ccd36c6', 'Enschede', 'Netherlands', 'fermentum justo nec condimentum neque sapien placerat ante nulla justo aliquam quis turpis eget elit', 399.04, 9.7, '6:14 PM', 'Markets and Bazaars');
insert into attractions (_id, city, country, description, price, ratings, opening_hours, type_of_attraction) values ('65e3d46ffc13ae629ccd36c7', 'Yuanquan', 'China', 'amet erat nulla tempus vivamus in felis eu sapien cursus vestibulum', 916.86, 8.4, '10:04 AM', 'Natural Wonders and Landscapes');
insert into attractions (_id, city, country, description, price, ratings, opening_hours, type_of_attraction) values ('65e3d46ffc13ae629ccd36c8', 'El Aguacate', 'Mexico', 'cursus urna ut tellus nulla ut erat id mauris vulputate elementum nullam varius nulla facilisi cras non', 222.91, 6.7, '1:56 PM', 'Temples and Religious Sites');
insert into attractions (_id, city, country, description, price, ratings, opening_hours, type_of_attraction) values ('65e3d46ffc13ae629ccd36c9', 'Mutum', 'Brazil', 'nec sem duis aliquam convallis nunc proin at turpis a', 544.27, 4.4, '9:17 AM', 'Natural Wonders and Landscapes');
insert into attractions (_id, city, country, description, price, ratings, opening_hours, type_of_attraction) values ('65e3d46ffc13ae629ccd36ca', 'Pocohuanca', 'Peru', 'lorem ipsum dolor sit amet consectetuer adipiscing elit proin interdum mauris non ligula pellentesque ultrices phasellus id sapien', 888.79, 2.2, '5:36 AM', 'Temples and Religious Sites');
insert into attractions (_id, city, country, description, price, ratings, opening_hours, type_of_attraction) values ('65e3d46ffc13ae629ccd36cb', 'Caparrapí', 'Colombia', 'donec odio justo sollicitudin ut suscipit a feugiat et eros vestibulum ac est lacinia nisi venenatis tristique fusce congue diam', 710.43, 7.6, '7:31 AM', 'Temples and Religious Sites');
insert into attractions (_id, city, country, description, price, ratings, opening_hours, type_of_attraction) values ('65e3d46ffc13ae629ccd36cc', 'Mahanoro', 'Madagascar', 'ante ipsum primis in faucibus orci luctus et ultrices posuere cubilia curae donec pharetra magna vestibulum aliquet ultrices erat tortor', 168.33, 3.6, '2:34 AM', 'Natural Wonders and Landscapes');
insert into attractions (_id, city, country, description, price, ratings, opening_hours, type_of_attraction) values ('65e3d46ffc13ae629ccd36cd', 'Xinpo', 'China', 'primis in faucibus orci luctus et ultrices posuere cubilia curae duis faucibus accumsan odio curabitur convallis duis consequat dui', 827.86, 4.3, '9:46 PM', 'Temples and Religious Sites');
insert into attractions (_id, city, country, description, price, ratings, opening_hours, type_of_attraction) values ('65e3d46ffc13ae629ccd36ce', 'San Vicente', 'Argentina', 'praesent lectus vestibulum quam sapien varius ut blandit non interdum in ante vestibulum ante ipsum', 250.12, 1.9, '2:48 AM', 'Historical Sites and Monuments');
insert into attractions (_id, city, country, description, price, ratings, opening_hours, type_of_attraction) values ('65e3d46ffc13ae629ccd36cf', 'Candelaria', 'Colombia', 'pede justo lacinia eget tincidunt eget tempus vel pede morbi porttitor lorem id ligula suspendisse ornare consequat lectus in est', 428.05, 2.6, '3:02 PM', 'Natural Wonders and Landscapes');
insert into attractions (_id, city, country, description, price, ratings, opening_hours, type_of_attraction) values ('65e3d46ffc13ae629ccd36d0', 'Huai Mek', 'Thailand', 'nam nulla integer pede justo lacinia eget tincidunt eget tempus vel', 217.61, 5.6, '1:25 AM', 'Gardens and Parks');
insert into attractions (_id, city, country, description, price, ratings, opening_hours, type_of_attraction) values ('65e3d46ffc13ae629ccd36d1', 'Al Qanāţir al Khayrīyah', 'Egypt', 'accumsan tellus nisi eu orci mauris lacinia sapien quis libero nullam sit amet turpis elementum ligula vehicula consequat morbi a', 620.94, 4.9, '10:29 PM', 'Natural Wonders and Landscapes');
insert into attractions (_id, city, country, description, price, ratings, opening_hours, type_of_attraction) values ('65e3d46ffc13ae629ccd36d2', 'Svojat', 'Bosnia and Herzegovina', 'nulla nunc purus phasellus in felis donec semper sapien a libero nam dui proin leo odio porttitor id', 953.76, 8.3, '8:38 PM', 'Natural Wonders and Landscapes');
insert into attractions (_id, city, country, description, price, ratings, opening_hours, type_of_attraction) values ('65e3d46ffc13ae629ccd36d3', 'Kérkyra', 'Greece', 'mauris non ligula pellentesque ultrices phasellus id sapien in sapien iaculis congue vivamus metus arcu', 377.33, 5.0, '8:30 AM', 'Natural Wonders and Landscapes');
insert into attractions (_id, city, country, description, price, ratings, opening_hours, type_of_attraction) values ('65e3d46ffc13ae629ccd36d4', 'Vienna', 'United States', 'nisl ut volutpat sapien arcu sed augue aliquam erat volutpat in congue etiam justo etiam pretium', 816.78, 8.5, '2:20 AM', 'Gardens and Parks');
insert into attractions (_id, city, country, description, price, ratings, opening_hours, type_of_attraction) values ('65e3d46ffc13ae629ccd36d5', 'Oslo', 'Norway', 'condimentum curabitur in libero ut massa volutpat convallis morbi odio odio elementum eu interdum eu tincidunt', 51.06, 1.4, '3:55 AM', 'Natural Wonders and Landscapes');
insert into attractions (_id, city, country, description, price, ratings, opening_hours, type_of_attraction) values ('65e3d46ffc13ae629ccd36d6', 'Hadano', 'Japan', 'eleifend donec ut dolor morbi vel lectus in quam fringilla rhoncus mauris enim', 368.91, 3.9, '7:25 AM', 'Markets and Bazaars');
insert into attractions (_id, city, country, description, price, ratings, opening_hours, type_of_attraction) values ('65e3d46ffc13ae629ccd36d7', 'Mberubu', 'Nigeria', 'proin leo odio porttitor id consequat in consequat ut nulla sed accumsan felis ut at dolor quis odio consequat', 113.5, 2.9, '8:15 PM', 'Gardens and Parks');
insert into attractions (_id, city, country, description, price, ratings, opening_hours, type_of_attraction) values ('65e3d46ffc13ae629ccd36d8', 'Faro', 'Portugal', 'justo lacinia eget tincidunt eget tempus vel pede morbi porttitor lorem id ligula suspendisse ornare consequat lectus in est', 888.96, 8.3, '7:45 PM', 'Temples and Religious Sites');
insert into attractions (_id, city, country, description, price, ratings, opening_hours, type_of_attraction) values ('65e3d46ffc13ae629ccd36d9', 'Shimen', 'China', 'non mattis pulvinar nulla pede ullamcorper augue a suscipit nulla elit', 588.03, 8.1, '4:56 AM', 'Beaches and Islands');
insert into attractions (_id, city, country, description, price, ratings, opening_hours, type_of_attraction) values ('65e3d46ffc13ae629ccd36da', 'Nowe Miasto nad Pilicą', 'Poland', 'elementum in hac habitasse platea dictumst morbi vestibulum velit id pretium iaculis diam erat fermentum justo nec', 317.3, 8.3, '11:29 PM', 'Gardens and Parks');
insert into attractions (_id, city, country, description, price, ratings, opening_hours, type_of_attraction) values ('65e3d46ffc13ae629ccd36db', 'Ágio Pnévma', 'Greece', 'non velit donec diam neque vestibulum eget vulputate ut ultrices', 454.76, 5.9, '7:52 AM', 'Historical Sites and Monuments');
insert into attractions (_id, city, country, description, price, ratings, opening_hours, type_of_attraction) values ('65e3d46ffc13ae629ccd36dc', 'Kingsey Falls', 'Canada', 'vestibulum sit amet cursus id turpis integer aliquet massa id lobortis convallis tortor risus dapibus augue vel', 730.86, 2.6, '4:25 PM', 'Beaches and Islands');
insert into attractions (_id, city, country, description, price, ratings, opening_hours, type_of_attraction) values ('65e3d46ffc13ae629ccd36dd', 'Yamada', 'Japan', 'vestibulum proin eu mi nulla ac enim in tempor turpis nec euismod scelerisque quam', 38.41, 6.3, '10:16 AM', 'Temples and Religious Sites');
insert into attractions (_id, city, country, description, price, ratings, opening_hours, type_of_attraction) values ('65e3d46ffc13ae629ccd36de', 'Kudanding', 'Philippines', 'justo aliquam quis turpis eget elit sodales scelerisque mauris sit amet', 226.73, 7.6, '4:21 AM', 'Markets and Bazaars');
insert into attractions (_id, city, country, description, price, ratings, opening_hours, type_of_attraction) values ('65e3d46ffc13ae629ccd36df', 'El Triunfo', 'Honduras', 'lectus pellentesque at nulla suspendisse potenti cras in purus eu magna', 271.04, 2.0, '5:30 AM', 'Natural Wonders and Landscapes');
insert into attractions (_id, city, country, description, price, ratings, opening_hours, type_of_attraction) values ('65e3d46ffc13ae629ccd36e0', 'Beizhuang', 'China', 'donec dapibus duis at velit eu est congue elementum in', 939.85, 3.2, '1:49 AM', 'Temples and Religious Sites');
insert into attractions (_id, city, country, description, price, ratings, opening_hours, type_of_attraction) values ('65e3d46ffc13ae629ccd36e1', 'Xiuyu', 'China', 'libero nullam sit amet turpis elementum ligula vehicula consequat morbi a ipsum integer a nibh in quis', 606.33, 8.7, '3:17 AM', 'Natural Wonders and Landscapes');


insert into hotels (_id, hotel_name, address, city, country, description, price_per_night, ratings, ammenities) values ('65e57316fc13ae561bfa20eb', 'Sheraton Hotels & Resorts', '74 Bartelt Hill', 'Kanḏay', 'Afghanistan', 'Aliquam quis turpis eget elit sodales scelerisque. Mauris sit amet eros. Suspendisse accumsan tortor quis turpis.', 304.01, 2.13, 'Restaurant');
insert into hotels (_id, hotel_name, address, city, country, description, price_per_night, ratings, ammenities) values ('65e57316fc13ae561bfa20ec', 'Mercure', '0 Johnson Crossing', 'Buenavista', 'Philippines', 'In hac habitasse platea dictumst. Morbi vestibulum, velit id pretium iaculis, diam erat fermentum justo, nec condimentum neque sapien placerat ante. Nulla justo.', 197.1, 0.42, 'Spa');
insert into hotels (_id, hotel_name, address, city, country, description, price_per_night, ratings, ammenities) values ('65e57316fc13ae561bfa20ed', 'Renaissance Hotels', '524 Barnett Way', 'H̱olon', 'Israel', 'Etiam vel augue. Vestibulum rutrum rutrum neque. Aenean auctor gravida sem.', 830.89, 3.8, 'Free Wi-Fi');
insert into hotels (_id, hotel_name, address, city, country, description, price_per_night, ratings, ammenities) values ('65e57316fc13ae561bfa20ee', 'Novotel', '56917 Pierstorff Crossing', 'Biao', 'Philippines', 'Maecenas leo odio, condimentum id, luctus nec, molestie sed, justo. Pellentesque viverra pede ac diam. Cras pellentesque volutpat dui.', 246.75, 3.67, 'Free Wi-Fi');
insert into hotels (_id, hotel_name, address, city, country, description, price_per_night, ratings, ammenities) values ('65e57316fc13ae561bfa20ef', 'ibis', '42 Sommers Pass', 'Borgholm', 'Sweden', 'Sed sagittis. Nam congue, risus semper porta volutpat, quam pede lobortis ligula, sit amet eleifend pede libero quis orci. Nullam molestie nibh in lectus.', 285.26, 4.53, 'Free Wi-Fi');
insert into hotels (_id, hotel_name, address, city, country, description, price_per_night, ratings, ammenities) values ('65e57316fc13ae561bfa20f0', 'Novotel', '5378 Dakota Alley', 'Karangpeton', 'Indonesia', 'Cum sociis natoque penatibus et magnis dis parturient montes, nascetur ridiculus mus. Vivamus vestibulum sagittis sapien. Cum sociis natoque penatibus et magnis dis parturient montes, nascetur ridiculus mus.', 667.77, 1.38, 'Gym');
insert into hotels (_id, hotel_name, address, city, country, description, price_per_night, ratings, ammenities) values ('65e57316fc13ae561bfa20f1', 'The Ritz-Carlton', '72 Carioca Plaza', 'Shimen', 'China', 'Pellentesque at nulla. Suspendisse potenti. Cras in purus eu magna vulputate luctus.', 961.2, 0.85, 'Gym');
insert into hotels (_id, hotel_name, address, city, country, description, price_per_night, ratings, ammenities) values ('65e57316fc13ae561bfa20f2', 'Candlewood Suites', '20 Di Loreto Junction', 'Zemlyansk', 'Russia', 'Morbi non lectus. Aliquam sit amet diam in magna bibendum imperdiet. Nullam orci pede, venenatis non, sodales sed, tincidunt eu, felis.', 175.93, 2.31, 'Spa');
insert into hotels (_id, hotel_name, address, city, country, description, price_per_night, ratings, ammenities) values ('65e57316fc13ae561bfa20f3', 'Kerry Hotels', '7 Duke Drive', 'Oslo', 'Norway', 'In hac habitasse platea dictumst. Etiam faucibus cursus urna. Ut tellus.', 839.55, 0.35, 'Spa');
insert into hotels (_id, hotel_name, address, city, country, description, price_per_night, ratings, ammenities) values ('65e57316fc13ae561bfa20f4', 'Kimpton Hotels & Restaurants', '27 Melrose Parkway', 'Vysokogornyy', 'Russia', 'Suspendisse potenti. In eleifend quam a odio. In hac habitasse platea dictumst.', 969.49, 2.48, 'Gym');
insert into hotels (_id, hotel_name, address, city, country, description, price_per_night, ratings, ammenities) values ('65e57316fc13ae561bfa20f5', 'Mandarin Oriental', '20432 Schurz Pass', 'Majunying', 'China', 'In hac habitasse platea dictumst. Etiam faucibus cursus urna. Ut tellus.', 297.55, 1.91, 'Swimming Pool');
insert into hotels (_id, hotel_name, address, city, country, description, price_per_night, ratings, ammenities) values ('65e57316fc13ae561bfa20f6', 'Holiday Inn', '939 Northridge Point', 'Bethel Town', 'Jamaica', 'Integer tincidunt ante vel ipsum. Praesent blandit lacinia erat. Vestibulum sed magna at nunc commodo placerat.', 715.03, 2.43, 'Gym');
insert into hotels (_id, hotel_name, address, city, country, description, price_per_night, ratings, ammenities) values ('65e57316fc13ae561bfa20f7', 'Hotel Jen', '436 Manufacturers Junction', 'Lingbeizhou', 'China', 'Quisque porta volutpat erat. Quisque erat eros, viverra eget, congue eget, semper rutrum, nulla. Nunc purus.', 506.87, 2.55, 'Restaurant');
insert into hotels (_id, hotel_name, address, city, country, description, price_per_night, ratings, ammenities) values ('65e57316fc13ae561bfa20f8', 'The Ritz-Carlton', '2 Bonner Park', 'Rongcheng', 'China', 'Curabitur in libero ut massa volutpat convallis. Morbi odio odio, elementum eu, interdum eu, tincidunt in, leo. Maecenas pulvinar lobortis est.', 973.08, 4.51, 'Gym');
insert into hotels (_id, hotel_name, address, city, country, description, price_per_night, ratings, ammenities) values ('65e57316fc13ae561bfa20f9', 'Candlewood Suites', '115 Spaight Crossing', 'Hoit Taria', 'China', 'In congue. Etiam justo. Etiam pretium iaculis justo.', 660.88, 4.56, 'Spa');
insert into hotels (_id, hotel_name, address, city, country, description, price_per_night, ratings, ammenities) values ('65e57316fc13ae561bfa20fa', 'The Ritz-Carlton', '2994 Calypso Terrace', 'Guanli', 'China', 'Praesent id massa id nisl venenatis lacinia. Aenean sit amet justo. Morbi ut odio.', 360.65, 3.96, 'Restaurant');
insert into hotels (_id, hotel_name, address, city, country, description, price_per_night, ratings, ammenities) values ('65e57316fc13ae561bfa20fb', 'Holiday Inn', '8 Granby Way', 'El Paso', 'United States', 'Proin eu mi. Nulla ac enim. In tempor, turpis nec euismod scelerisque, quam turpis adipiscing lorem, vitae mattis nibh ligula nec sem.', 355.14, 0.01, 'Restaurant');
insert into hotels (_id, hotel_name, address, city, country, description, price_per_night, ratings, ammenities) values ('65e57316fc13ae561bfa20fc', 'Radisson Hotels', '2 Lindbergh Circle', 'Melchor de Mencos', 'Guatemala', 'Mauris enim leo, rhoncus sed, vestibulum sit amet, cursus id, turpis. Integer aliquet, massa id lobortis convallis, tortor risus dapibus augue, vel accumsan tellus nisi eu orci. Mauris lacinia sapien quis libero.', 578.37, 2.19, 'Restaurant');
insert into hotels (_id, hotel_name, address, city, country, description, price_per_night, ratings, ammenities) values ('65e57316fc13ae561bfa20fd', 'Novotel', '275 Shasta Place', 'Panikian', 'Philippines', 'Duis aliquam convallis nunc. Proin at turpis a pede posuere nonummy. Integer non velit.', 552.91, 0.81, 'Restaurant');
insert into hotels (_id, hotel_name, address, city, country, description, price_per_night, ratings, ammenities) values ('65e57316fc13ae561bfa20fe', 'Mercure', '16609 Vahlen Parkway', 'Campurrejo', 'Indonesia', 'Donec diam neque, vestibulum eget, vulputate ut, ultrices vel, augue. Vestibulum ante ipsum primis in faucibus orci luctus et ultrices posuere cubilia Curae; Donec pharetra, magna vestibulum aliquet ultrices, erat tortor sollicitudin mi, sit amet lobortis sapien sapien non mi. Integer ac neque.', 409.19, 3.21, 'Free Wi-Fi');
insert into hotels (_id, hotel_name, address, city, country, description, price_per_night, ratings, ammenities) values ('65e57316fc13ae561bfa20ff', 'Courtyard by Marriott', '0178 Loftsgordon Hill', 'Jenggawah', 'Indonesia', 'Aliquam quis turpis eget elit sodales scelerisque. Mauris sit amet eros. Suspendisse accumsan tortor quis turpis.', 536.53, 3.26, 'Spa');
insert into hotels (_id, hotel_name, address, city, country, description, price_per_night, ratings, ammenities) values ('65e57316fc13ae561bfa2100', 'Hilton Hotels & Resorts', '2652 Victoria Drive', 'Huozhuangzi', 'China', 'Fusce consequat. Nulla nisl. Nunc nisl.', 151.58, 2.33, 'Free Wi-Fi');
insert into hotels (_id, hotel_name, address, city, country, description, price_per_night, ratings, ammenities) values ('65e57316fc13ae561bfa2101', 'Novotel', '87 Tomscot Court', 'Czarna Woda', 'Poland', 'Nam ultrices, libero non mattis pulvinar, nulla pede ullamcorper augue, a suscipit nulla elit ac nulla. Sed vel enim sit amet nunc viverra dapibus. Nulla suscipit ligula in lacus.', 315.38, 4.66, 'Swimming Pool');
insert into hotels (_id, hotel_name, address, city, country, description, price_per_night, ratings, ammenities) values ('65e57316fc13ae561bfa2102', 'Radisson Blu', '24697 Walton Avenue', 'Gweedore', 'Ireland', 'Proin interdum mauris non ligula pellentesque ultrices. Phasellus id sapien in sapien iaculis congue. Vivamus metus arcu, adipiscing molestie, hendrerit at, vulputate vitae, nisl.', 281.57, 4.51, 'Free Wi-Fi');
insert into hotels (_id, hotel_name, address, city, country, description, price_per_night, ratings, ammenities) values ('65e57316fc13ae561bfa2103', 'Holiday Inn Express', '1869 Vermont Junction', 'Gudja', 'Malta', 'Fusce consequat. Nulla nisl. Nunc nisl.', 279.28, 0.97, 'Spa');
insert into hotels (_id, hotel_name, address, city, country, description, price_per_night, ratings, ammenities) values ('65e57316fc13ae561bfa2104', 'Country Inn & Suites by Radisson', '2278 Sutteridge Trail', 'Tubungan', 'Philippines', 'Aliquam quis turpis eget elit sodales scelerisque. Mauris sit amet eros. Suspendisse accumsan tortor quis turpis.', 127.04, 4.26, 'Restaurant');
insert into hotels (_id, hotel_name, address, city, country, description, price_per_night, ratings, ammenities) values ('65e57316fc13ae561bfa2105', 'Holiday Inn', '03 Novick Way', 'Krajan Kerjo', 'Indonesia', 'Duis bibendum. Morbi non quam nec dui luctus rutrum. Nulla tellus.', 347.29, 4.07, 'Free Wi-Fi');
insert into hotels (_id, hotel_name, address, city, country, description, price_per_night, ratings, ammenities) values ('65e57316fc13ae561bfa2106', 'Kerry Hotels', '93747 Monument Court', 'Caála', 'Angola', 'Vestibulum ac est lacinia nisi venenatis tristique. Fusce congue, diam id ornare imperdiet, sapien urna pretium nisl, ut volutpat sapien arcu sed augue. Aliquam erat volutpat.', 568.08, 0.56, 'Spa');
insert into hotels (_id, hotel_name, address, city, country, description, price_per_night, ratings, ammenities) values ('65e57316fc13ae561bfa2107', 'Kerry Hotels', '606 Aberg Way', 'Ińsko', 'Poland', 'Aliquam quis turpis eget elit sodales scelerisque. Mauris sit amet eros. Suspendisse accumsan tortor quis turpis.', 240.62, 2.29, 'Gym');
insert into hotels (_id, hotel_name, address, city, country, description, price_per_night, ratings, ammenities) values ('65e57316fc13ae561bfa2108', 'Novotel', '6231 Toban Hill', 'Santa Teresita', 'Philippines', 'Maecenas leo odio, condimentum id, luctus nec, molestie sed, justo. Pellentesque viverra pede ac diam. Cras pellentesque volutpat dui.', 241.75, 2.24, 'Gym');
insert into hotels (_id, hotel_name, address, city, country, description, price_per_night, ratings, ammenities) values ('65e57316fc13ae561bfa2109', 'Hyatt House', '89745 1st Junction', 'Vilhena', 'Brazil', 'In congue. Etiam justo. Etiam pretium iaculis justo.', 558.51, 3.56, 'Restaurant');
insert into hotels (_id, hotel_name, address, city, country, description, price_per_night, ratings, ammenities) values ('65e57316fc13ae561bfa210a', 'Courtyard by Marriott', '01 Crest Line Road', 'Ceerigaabo', 'Somalia', 'In sagittis dui vel nisl. Duis ac nibh. Fusce lacus purus, aliquet at, feugiat non, pretium quis, lectus.', 568.18, 4.22, 'Spa');
insert into hotels (_id, hotel_name, address, city, country, description, price_per_night, ratings, ammenities) values ('65e57316fc13ae561bfa210b', 'Mandarin Oriental', '039 Clove Alley', 'Tsapêraī', 'Afghanistan', 'Morbi non lectus. Aliquam sit amet diam in magna bibendum imperdiet. Nullam orci pede, venenatis non, sodales sed, tincidunt eu, felis.', 607.18, 0.71, 'Gym');
insert into hotels (_id, hotel_name, address, city, country, description, price_per_night, ratings, ammenities) values ('65e57316fc13ae561bfa210c', 'Sheraton Hotels & Resorts', '9574 Sullivan Crossing', 'Kholm', 'Russia', 'Morbi porttitor lorem id ligula. Suspendisse ornare consequat lectus. In est risus, auctor sed, tristique in, tempus sit amet, sem.', 128.32, 3.37, 'Restaurant');
insert into hotels (_id, hotel_name, address, city, country, description, price_per_night, ratings, ammenities) values ('65e57316fc13ae561bfa210d', 'Hampton by Hilton', '204 Lighthouse Bay Avenue', 'Markaz Bilād aţ Ţa‘ām', 'Yemen', 'Aenean fermentum. Donec ut mauris eget massa tempor convallis. Nulla neque libero, convallis eget, eleifend luctus, ultricies eu, nibh.', 812.74, 2.92, 'Spa');
insert into hotels (_id, hotel_name, address, city, country, description, price_per_night, ratings, ammenities) values ('65e57316fc13ae561bfa210e', 'Hilton Hotels & Resorts', '01 2nd Street', 'Estela', 'Portugal', 'Maecenas ut massa quis augue luctus tincidunt. Nulla mollis molestie lorem. Quisque ut erat.', 622.63, 1.85, 'Spa');
insert into hotels (_id, hotel_name, address, city, country, description, price_per_night, ratings, ammenities) values ('65e57316fc13ae561bfa210f', 'The Ritz-Carlton', '65073 Dapin Park', 'San José de las Lajas', 'Cuba', 'Lorem ipsum dolor sit amet, consectetuer adipiscing elit. Proin risus. Praesent lectus.', 381.74, 4.73, 'Free Wi-Fi');
insert into hotels (_id, hotel_name, address, city, country, description, price_per_night, ratings, ammenities) values ('65e57316fc13ae561bfa2110', 'Staybridge Suites', '56 Marquette Junction', 'Mariano Moreno', 'Argentina', 'Curabitur at ipsum ac tellus semper interdum. Mauris ullamcorper purus sit amet nulla. Quisque arcu libero, rutrum ac, lobortis vel, dapibus at, diam.', 525.99, 4.23, 'Free Wi-Fi');
insert into hotels (_id, hotel_name, address, city, country, description, price_per_night, ratings, ammenities) values ('65e57316fc13ae561bfa2111', 'Holiday Inn Express', '23 Carpenter Pass', 'Karagandy', 'Kazakhstan', 'Vestibulum ac est lacinia nisi venenatis tristique. Fusce congue, diam id ornare imperdiet, sapien urna pretium nisl, ut volutpat sapien arcu sed augue. Aliquam erat volutpat.', 671.52, 0.98, 'Free Wi-Fi');
insert into hotels (_id, hotel_name, address, city, country, description, price_per_night, ratings, ammenities) values ('65e57316fc13ae561bfa2112', 'Sheraton Hotels & Resorts', '9 Gulseth Center', 'Immātīn', 'Palestinian Territory', 'Duis bibendum. Morbi non quam nec dui luctus rutrum. Nulla tellus.', 307.2, 2.68, 'Swimming Pool');
insert into hotels (_id, hotel_name, address, city, country, description, price_per_night, ratings, ammenities) values ('65e57316fc13ae561bfa2113', 'Courtyard by Marriott', '58 Maywood Street', 'El Tablón', 'Honduras', 'Cras mi pede, malesuada in, imperdiet et, commodo vulputate, justo. In blandit ultrices enim. Lorem ipsum dolor sit amet, consectetuer adipiscing elit.', 381.71, 1.49, 'Restaurant');
insert into hotels (_id, hotel_name, address, city, country, description, price_per_night, ratings, ammenities) values ('65e57316fc13ae561bfa2114', 'Andaz', '99 Carpenter Circle', 'Ryczywół', 'Poland', 'Integer tincidunt ante vel ipsum. Praesent blandit lacinia erat. Vestibulum sed magna at nunc commodo placerat.', 950.01, 3.73, 'Restaurant');
insert into hotels (_id, hotel_name, address, city, country, description, price_per_night, ratings, ammenities) values ('65e57316fc13ae561bfa2115', 'JW Marriott Hotels & Resorts', '78 Karstens Court', 'Pulopaya', 'Indonesia', 'Etiam vel augue. Vestibulum rutrum rutrum neque. Aenean auctor gravida sem.', 674.24, 2.23, 'Gym');
insert into hotels (_id, hotel_name, address, city, country, description, price_per_night, ratings, ammenities) values ('65e57316fc13ae561bfa2116', 'Renaissance Hotels', '65 Dahle Alley', 'Corona', 'United States', 'Maecenas ut massa quis augue luctus tincidunt. Nulla mollis molestie lorem. Quisque ut erat.', 341.17, 4.25, 'Swimming Pool');
insert into hotels (_id, hotel_name, address, city, country, description, price_per_night, ratings, ammenities) values ('65e57316fc13ae561bfa2117', 'Kerry Hotels', '81714 Summer Ridge Point', 'Guachetá', 'Colombia', 'Lorem ipsum dolor sit amet, consectetuer adipiscing elit. Proin risus. Praesent lectus.', 579.86, 1.02, 'Swimming Pool');
insert into hotels (_id, hotel_name, address, city, country, description, price_per_night, ratings, ammenities) values ('65e57316fc13ae561bfa2118', 'Holiday Inn Express', '74 Ohio Point', 'Lurut', 'Indonesia', 'Maecenas leo odio, condimentum id, luctus nec, molestie sed, justo. Pellentesque viverra pede ac diam. Cras pellentesque volutpat dui.', 800.15, 4.04, 'Spa');
insert into hotels (_id, hotel_name, address, city, country, description, price_per_night, ratings, ammenities) values ('65e57316fc13ae561bfa2119', 'Mercure', '9 Armistice Lane', 'Lin’an', 'China', 'Aenean lectus. Pellentesque eget nunc. Donec quis orci eget orci vehicula condimentum.', 986.71, 3.6, 'Gym');
insert into hotels (_id, hotel_name, address, city, country, description, price_per_night, ratings, ammenities) values ('65e57316fc13ae561bfa211a', 'Hilton Hotels & Resorts', '8 Waywood Point', 'Uacon', 'Philippines', 'Duis consequat dui nec nisi volutpat eleifend. Donec ut dolor. Morbi vel lectus in quam fringilla rhoncus.', 813.65, 1.95, 'Swimming Pool');
insert into hotels (_id, hotel_name, address, city, country, description, price_per_night, ratings, ammenities) values ('65e57316fc13ae561bfa211b', 'Park Plaza', '98 Esch Alley', 'Qa‘ţabah', 'Yemen', 'Suspendisse potenti. In eleifend quam a odio. In hac habitasse platea dictumst.', 353.75, 4.8, 'Swimming Pool');
insert into hotels (_id, hotel_name, address, city, country, description, price_per_night, ratings, ammenities) values ('65e57316fc13ae561bfa211c', 'Embassy Suites by Hilton', '138 Ridgeway Alley', 'Huangtan', 'China', 'Fusce posuere felis sed lacus. Morbi sem mauris, laoreet ut, rhoncus aliquet, pulvinar sed, nisl. Nunc rhoncus dui vel sem.', 445.03, 2.03, 'Spa');
insert into hotels (_id, hotel_name, address, city, country, description, price_per_night, ratings, ammenities) values ('65e57316fc13ae561bfa211d', 'Residence Inn by Marriott', '5 Raven Park', 'Kusak', 'Russia', 'Integer tincidunt ante vel ipsum. Praesent blandit lacinia erat. Vestibulum sed magna at nunc commodo placerat.', 916.88, 2.15, 'Spa');
insert into hotels (_id, hotel_name, address, city, country, description, price_per_night, ratings, ammenities) values ('65e57316fc13ae561bfa211e', 'Park Plaza', '84222 Farmco Avenue', 'Bihoro', 'Japan', 'Cras mi pede, malesuada in, imperdiet et, commodo vulputate, justo. In blandit ultrices enim. Lorem ipsum dolor sit amet, consectetuer adipiscing elit.', 684.37, 4.42, 'Free Wi-Fi');
insert into hotels (_id, hotel_name, address, city, country, description, price_per_night, ratings, ammenities) values ('65e57316fc13ae561bfa211f', 'InterContinental Hotels & Resorts', '04 Russell Center', 'Benjamín Aceval', 'Paraguay', 'Proin interdum mauris non ligula pellentesque ultrices. Phasellus id sapien in sapien iaculis congue. Vivamus metus arcu, adipiscing molestie, hendrerit at, vulputate vitae, nisl.', 874.56, 0.48, 'Free Wi-Fi');
insert into hotels (_id, hotel_name, address, city, country, description, price_per_night, ratings, ammenities) values ('65e57316fc13ae561bfa2120', 'The Ritz-Carlton', '507 Pepper Wood Circle', 'Atalaia', 'Portugal', 'Sed sagittis. Nam congue, risus semper porta volutpat, quam pede lobortis ligula, sit amet eleifend pede libero quis orci. Nullam molestie nibh in lectus.', 946.01, 1.44, 'Spa');
insert into hotels (_id, hotel_name, address, city, country, description, price_per_night, ratings, ammenities) values ('65e57316fc13ae561bfa2121', 'Hampton by Hilton', '659 Washington Court', 'São Bernardo do Campo', 'Brazil', 'In hac habitasse platea dictumst. Morbi vestibulum, velit id pretium iaculis, diam erat fermentum justo, nec condimentum neque sapien placerat ante. Nulla justo.', 440.38, 4.56, 'Spa');
insert into hotels (_id, hotel_name, address, city, country, description, price_per_night, ratings, ammenities) values ('65e57316fc13ae561bfa2122', 'Kimpton Hotels & Restaurants', '93 Elka Place', 'Armenia', 'Honduras', 'Proin eu mi. Nulla ac enim. In tempor, turpis nec euismod scelerisque, quam turpis adipiscing lorem, vitae mattis nibh ligula nec sem.', 729.6, 4.99, 'Restaurant');
insert into hotels (_id, hotel_name, address, city, country, description, price_per_night, ratings, ammenities) values ('65e57316fc13ae561bfa2123', 'Four Seasons Hotels and Resorts', '6 Cottonwood Crossing', 'Urho', 'China', 'Proin leo odio, porttitor id, consequat in, consequat ut, nulla. Sed accumsan felis. Ut at dolor quis odio consequat varius.', 123.96, 0.12, 'Gym');
insert into hotels (_id, hotel_name, address, city, country, description, price_per_night, ratings, ammenities) values ('65e57316fc13ae561bfa2124', 'Hampton by Hilton', '5533 Sauthoff Plaza', 'Dongqu', 'China', 'Duis consequat dui nec nisi volutpat eleifend. Donec ut dolor. Morbi vel lectus in quam fringilla rhoncus.', 715.21, 3.89, 'Gym');
insert into hotels (_id, hotel_name, address, city, country, description, price_per_night, ratings, ammenities) values ('65e57316fc13ae561bfa2125', 'The Ritz-Carlton', '7900 Macpherson Center', 'Saint-Priest', 'France', 'Integer tincidunt ante vel ipsum. Praesent blandit lacinia erat. Vestibulum sed magna at nunc commodo placerat.', 947.87, 0.34, 'Spa');
insert into hotels (_id, hotel_name, address, city, country, description, price_per_night, ratings, ammenities) values ('65e57316fc13ae561bfa2126', 'Residence Inn by Marriott', '471 Fairfield Street', 'Gujō', 'Japan', 'Duis aliquam convallis nunc. Proin at turpis a pede posuere nonummy. Integer non velit.', 856.4, 1.88, 'Free Wi-Fi');
insert into hotels (_id, hotel_name, address, city, country, description, price_per_night, ratings, ammenities) values ('65e57316fc13ae561bfa2127', 'Radisson Hotels', '56 Sachtjen Court', 'Zaoshi', 'China', 'Morbi non lectus. Aliquam sit amet diam in magna bibendum imperdiet. Nullam orci pede, venenatis non, sodales sed, tincidunt eu, felis.', 692.54, 0.61, 'Swimming Pool');
insert into hotels (_id, hotel_name, address, city, country, description, price_per_night, ratings, ammenities) values ('65e57316fc13ae561bfa2128', 'Park Plaza', '566 Corben Place', 'Roshchino', 'Russia', 'Donec diam neque, vestibulum eget, vulputate ut, ultrices vel, augue. Vestibulum ante ipsum primis in faucibus orci luctus et ultrices posuere cubilia Curae; Donec pharetra, magna vestibulum aliquet ultrices, erat tortor sollicitudin mi, sit amet lobortis sapien sapien non mi. Integer ac neque.', 122.08, 3.95, 'Restaurant');
insert into hotels (_id, hotel_name, address, city, country, description, price_per_night, ratings, ammenities) values ('65e57316fc13ae561bfa2129', 'Mandarin Oriental', '16 Dryden Center', 'Jingzhou', 'China', 'In congue. Etiam justo. Etiam pretium iaculis justo.', 704.28, 3.25, 'Restaurant');
insert into hotels (_id, hotel_name, address, city, country, description, price_per_night, ratings, ammenities) values ('65e57316fc13ae561bfa212a', 'Four Seasons Hotels and Resorts', '557 Armistice Trail', 'Étampes', 'France', 'Maecenas ut massa quis augue luctus tincidunt. Nulla mollis molestie lorem. Quisque ut erat.', 174.01, 1.56, 'Restaurant');
insert into hotels (_id, hotel_name, address, city, country, description, price_per_night, ratings, ammenities) values ('65e57316fc13ae561bfa212b', 'Andaz', '34 Ridgeway Point', 'Kochevo', 'Russia', 'Praesent id massa id nisl venenatis lacinia. Aenean sit amet justo. Morbi ut odio.', 965.33, 1.12, 'Gym');
insert into hotels (_id, hotel_name, address, city, country, description, price_per_night, ratings, ammenities) values ('65e57316fc13ae561bfa212c', 'Park Plaza', '15 Sunnyside Court', 'Quintães', 'Portugal', 'In hac habitasse platea dictumst. Morbi vestibulum, velit id pretium iaculis, diam erat fermentum justo, nec condimentum neque sapien placerat ante. Nulla justo.', 799.03, 1.92, 'Free Wi-Fi');
insert into hotels (_id, hotel_name, address, city, country, description, price_per_night, ratings, ammenities) values ('65e57316fc13ae561bfa212d', 'Radisson Hotels', '79 Southridge Pass', 'Korenovsk', 'Russia', 'Sed ante. Vivamus tortor. Duis mattis egestas metus.', 400.81, 3.48, 'Gym');
insert into hotels (_id, hotel_name, address, city, country, description, price_per_night, ratings, ammenities) values ('65e57316fc13ae561bfa212e', 'Moxy Hotels', '0226 Gulseth Trail', 'Massakory', 'Chad', 'Pellentesque at nulla. Suspendisse potenti. Cras in purus eu magna vulputate luctus.', 422.88, 4.18, 'Restaurant');
insert into hotels (_id, hotel_name, address, city, country, description, price_per_night, ratings, ammenities) values ('65e57316fc13ae561bfa212f', 'Holiday Inn', '92710 Michigan Way', 'Roslavl’', 'Russia', 'Proin interdum mauris non ligula pellentesque ultrices. Phasellus id sapien in sapien iaculis congue. Vivamus metus arcu, adipiscing molestie, hendrerit at, vulputate vitae, nisl.', 249.96, 4.84, 'Spa');
insert into hotels (_id, hotel_name, address, city, country, description, price_per_night, ratings, ammenities) values ('65e57316fc13ae561bfa2130', 'ibis', '7299 Annamark Circle', 'Pendiqing', 'China', 'Duis bibendum, felis sed interdum venenatis, turpis enim blandit mi, in porttitor pede justo eu massa. Donec dapibus. Duis at velit eu est congue elementum.', 103.15, 2.42, 'Spa');
insert into hotels (_id, hotel_name, address, city, country, description, price_per_night, ratings, ammenities) values ('65e57316fc13ae561bfa2131', 'Holiday Inn', '3562 East Crossing', 'Shipu', 'China', 'Mauris enim leo, rhoncus sed, vestibulum sit amet, cursus id, turpis. Integer aliquet, massa id lobortis convallis, tortor risus dapibus augue, vel accumsan tellus nisi eu orci. Mauris lacinia sapien quis libero.', 486.71, 0.8, 'Spa');
insert into hotels (_id, hotel_name, address, city, country, description, price_per_night, ratings, ammenities) values ('65e57316fc13ae561bfa2132', 'Moxy Hotels', '08 Gulseth Way', 'Santa Marta de Penaguião', 'Portugal', 'Duis aliquam convallis nunc. Proin at turpis a pede posuere nonummy. Integer non velit.', 304.45, 1.15, 'Spa');
insert into hotels (_id, hotel_name, address, city, country, description, price_per_night, ratings, ammenities) values ('65e57316fc13ae561bfa2133', 'Candlewood Suites', '3 Rigney Place', 'Garoua', 'Cameroon', 'Morbi non lectus. Aliquam sit amet diam in magna bibendum imperdiet. Nullam orci pede, venenatis non, sodales sed, tincidunt eu, felis.', 152.75, 4.21, 'Swimming Pool');
insert into hotels (_id, hotel_name, address, city, country, description, price_per_night, ratings, ammenities) values ('65e57316fc13ae561bfa2134', 'ibis', '67570 Ohio Alley', 'Xijiao', 'China', 'Aenean fermentum. Donec ut mauris eget massa tempor convallis. Nulla neque libero, convallis eget, eleifend luctus, ultricies eu, nibh.', 337.37, 2.53, 'Spa');
insert into hotels (_id, hotel_name, address, city, country, description, price_per_night, ratings, ammenities) values ('65e57316fc13ae561bfa2135', 'Moxy Hotels', '354 Valley Edge Point', 'Topola', 'Serbia', 'Integer tincidunt ante vel ipsum. Praesent blandit lacinia erat. Vestibulum sed magna at nunc commodo placerat.', 241.74, 3.12, 'Restaurant');
insert into hotels (_id, hotel_name, address, city, country, description, price_per_night, ratings, ammenities) values ('65e57316fc13ae561bfa2136', 'Hyatt Centric', '8 Old Gate Park', 'Dalgān', 'Iran', 'Etiam vel augue. Vestibulum rutrum rutrum neque. Aenean auctor gravida sem.', 770.1, 0.34, 'Swimming Pool');
insert into hotels (_id, hotel_name, address, city, country, description, price_per_night, ratings, ammenities) values ('65e57316fc13ae561bfa2137', 'The Ritz-Carlton', '4 Cardinal Lane', 'Yeysk', 'Russia', 'Aenean fermentum. Donec ut mauris eget massa tempor convallis. Nulla neque libero, convallis eget, eleifend luctus, ultricies eu, nibh.', 773.72, 4.98, 'Spa');
insert into hotels (_id, hotel_name, address, city, country, description, price_per_night, ratings, ammenities) values ('65e57316fc13ae561bfa2138', 'Renaissance Hotels', '9 Johnson Place', 'Alegria', 'Philippines', 'Duis bibendum. Morbi non quam nec dui luctus rutrum. Nulla tellus.', 992.82, 0.7, 'Gym');
insert into hotels (_id, hotel_name, address, city, country, description, price_per_night, ratings, ammenities) values ('65e57316fc13ae561bfa2139', 'Hyatt House', '7 Chive Court', 'Xiadingjia', 'China', 'Phasellus in felis. Donec semper sapien a libero. Nam dui.', 778.52, 4.47, 'Restaurant');
insert into hotels (_id, hotel_name, address, city, country, description, price_per_night, ratings, ammenities) values ('65e57316fc13ae561bfa213a', 'Embassy Suites by Hilton', '5 Maple Terrace', 'Paprotnia', 'Poland', 'Cras non velit nec nisi vulputate nonummy. Maecenas tincidunt lacus at velit. Vivamus vel nulla eget eros elementum pellentesque.', 446.81, 1.16, 'Restaurant');
insert into hotels (_id, hotel_name, address, city, country, description, price_per_night, ratings, ammenities) values ('65e57316fc13ae561bfa213b', 'Mercure', '484 Springs Crossing', 'Šluknov', 'Czech Republic', 'Maecenas ut massa quis augue luctus tincidunt. Nulla mollis molestie lorem. Quisque ut erat.', 721.55, 0.13, 'Restaurant');
insert into hotels (_id, hotel_name, address, city, country, description, price_per_night, ratings, ammenities) values ('65e57316fc13ae561bfa213c', 'Radisson Blu', '7 Gale Avenue', 'Sokol', 'Russia', 'Duis consequat dui nec nisi volutpat eleifend. Donec ut dolor. Morbi vel lectus in quam fringilla rhoncus.', 209.79, 0.1, 'Swimming Pool');
insert into hotels (_id, hotel_name, address, city, country, description, price_per_night, ratings, ammenities) values ('65e57316fc13ae561bfa213d', 'Pullman', '2972 Rusk Place', 'Dowsk', 'Belarus', 'Fusce consequat. Nulla nisl. Nunc nisl.', 500.67, 4.26, 'Spa');
insert into hotels (_id, hotel_name, address, city, country, description, price_per_night, ratings, ammenities) values ('65e57316fc13ae561bfa213e', 'Park Hyatt', '96684 West Plaza', 'Na Yong', 'Thailand', 'Cras mi pede, malesuada in, imperdiet et, commodo vulputate, justo. In blandit ultrices enim. Lorem ipsum dolor sit amet, consectetuer adipiscing elit.', 156.8, 0.59, 'Spa');
insert into hotels (_id, hotel_name, address, city, country, description, price_per_night, ratings, ammenities) values ('65e57316fc13ae561bfa213f', 'Hotel Jen', '3536 Brown Terrace', 'Daweishan', 'China', 'Fusce consequat. Nulla nisl. Nunc nisl.', 773.08, 3.62, 'Restaurant');
insert into hotels (_id, hotel_name, address, city, country, description, price_per_night, ratings, ammenities) values ('65e57316fc13ae561bfa2140', 'Hilton Hotels & Resorts', '65 Crownhardt Drive', 'Pau', 'France', 'Proin leo odio, porttitor id, consequat in, consequat ut, nulla. Sed accumsan felis. Ut at dolor quis odio consequat varius.', 184.33, 3.75, 'Gym');
insert into hotels (_id, hotel_name, address, city, country, description, price_per_night, ratings, ammenities) values ('65e57316fc13ae561bfa2141', 'Holiday Inn', '80777 Waywood Center', 'Gubuk Daya', 'Indonesia', 'Morbi non lectus. Aliquam sit amet diam in magna bibendum imperdiet. Nullam orci pede, venenatis non, sodales sed, tincidunt eu, felis.', 565.74, 4.4, 'Swimming Pool');
insert into hotels (_id, hotel_name, address, city, country, description, price_per_night, ratings, ammenities) values ('65e57316fc13ae561bfa2142', 'Andaz', '4586 Vera Lane', 'Sundumbili', 'South Africa', 'Vestibulum ac est lacinia nisi venenatis tristique. Fusce congue, diam id ornare imperdiet, sapien urna pretium nisl, ut volutpat sapien arcu sed augue. Aliquam erat volutpat.', 186.11, 3.28, 'Free Wi-Fi');
insert into hotels (_id, hotel_name, address, city, country, description, price_per_night, ratings, ammenities) values ('65e57316fc13ae561bfa2143', 'Mercure', '4082 Columbus Center', 'Zaraysk', 'Russia', 'Nulla ut erat id mauris vulputate elementum. Nullam varius. Nulla facilisi.', 594.18, 0.52, 'Restaurant');
insert into hotels (_id, hotel_name, address, city, country, description, price_per_night, ratings, ammenities) values ('65e57316fc13ae561bfa2144', 'Novotel', '584 Hazelcrest Circle', 'Mandeman Daya', 'Indonesia', 'Vestibulum ac est lacinia nisi venenatis tristique. Fusce congue, diam id ornare imperdiet, sapien urna pretium nisl, ut volutpat sapien arcu sed augue. Aliquam erat volutpat.', 949.76, 0.43, 'Restaurant');
insert into hotels (_id, hotel_name, address, city, country, description, price_per_night, ratings, ammenities) values ('65e57316fc13ae561bfa2145', 'The Ritz-Carlton', '22695 Melvin Parkway', 'La Reforma', 'Mexico', 'In quis justo. Maecenas rhoncus aliquam lacus. Morbi quis tortor id nulla ultrices aliquet.', 412.86, 1.59, 'Free Wi-Fi');
insert into hotels (_id, hotel_name, address, city, country, description, price_per_night, ratings, ammenities) values ('65e57316fc13ae561bfa2146', 'Sheraton Hotels & Resorts', '464 Golden Leaf Court', 'Dassa-Zoumé', 'Benin', 'Sed sagittis. Nam congue, risus semper porta volutpat, quam pede lobortis ligula, sit amet eleifend pede libero quis orci. Nullam molestie nibh in lectus.', 820.09, 4.49, 'Swimming Pool');
insert into hotels (_id, hotel_name, address, city, country, description, price_per_night, ratings, ammenities) values ('65e57316fc13ae561bfa2147', 'Holiday Inn Express', '38597 Nancy Point', 'Sezemice', 'Czech Republic', 'Donec diam neque, vestibulum eget, vulputate ut, ultrices vel, augue. Vestibulum ante ipsum primis in faucibus orci luctus et ultrices posuere cubilia Curae; Donec pharetra, magna vestibulum aliquet ultrices, erat tortor sollicitudin mi, sit amet lobortis sapien sapien non mi. Integer ac neque.', 108.06, 0.61, 'Spa');
insert into hotels (_id, hotel_name, address, city, country, description, price_per_night, ratings, ammenities) values ('65e57316fc13ae561bfa2148', 'Moxy Hotels', '9 Lillian Plaza', 'Omaha', 'United States', 'Aliquam quis turpis eget elit sodales scelerisque. Mauris sit amet eros. Suspendisse accumsan tortor quis turpis.', 640.07, 4.73, 'Restaurant');
insert into hotels (_id, hotel_name, address, city, country, description, price_per_night, ratings, ammenities) values ('65e57316fc13ae561bfa2149', 'Renaissance Hotels', '128 Canary Point', 'Santa Cruz del Quiché', 'Guatemala', 'Curabitur in libero ut massa volutpat convallis. Morbi odio odio, elementum eu, interdum eu, tincidunt in, leo. Maecenas pulvinar lobortis est.', 777.0, 0.77, 'Free Wi-Fi');
insert into hotels (_id, hotel_name, address, city, country, description, price_per_night, ratings, ammenities) values ('65e57316fc13ae561bfa214a', 'Radisson Hotels', '73 Maple Pass', 'Lianglin', 'China', 'Proin eu mi. Nulla ac enim. In tempor, turpis nec euismod scelerisque, quam turpis adipiscing lorem, vitae mattis nibh ligula nec sem.', 463.96, 2.88, 'Gym');
insert into hotels (_id, hotel_name, address, city, country, description, price_per_night, ratings, ammenities) values ('65e57316fc13ae561bfa214b', 'Courtyard by Marriott', '929 Redwing Way', 'Babakan', 'Indonesia', 'In quis justo. Maecenas rhoncus aliquam lacus. Morbi quis tortor id nulla ultrices aliquet.', 646.81, 0.4, 'Free Wi-Fi');
insert into hotels (_id, hotel_name, address, city, country, description, price_per_night, ratings, ammenities) values ('65e57316fc13ae561bfa214c', 'Holiday Inn Express', '24730 Jana Court', 'Yermish’', 'Russia', 'Duis bibendum. Morbi non quam nec dui luctus rutrum. Nulla tellus.', 375.46, 2.98, 'Swimming Pool');
insert into hotels (_id, hotel_name, address, city, country, description, price_per_night, ratings, ammenities) values ('65e57316fc13ae561bfa214d', 'Novotel', '674 Merrick Junction', 'T’et’ri Tsqaro', 'Georgia', 'Vestibulum quam sapien, varius ut, blandit non, interdum in, ante. Vestibulum ante ipsum primis in faucibus orci luctus et ultrices posuere cubilia Curae; Duis faucibus accumsan odio. Curabitur convallis.', 136.5, 0.44, 'Spa');
insert into hotels (_id, hotel_name, address, city, country, description, price_per_night, ratings, ammenities) values ('65e57316fc13ae561bfa214e', 'Kimpton Hotels & Restaurants', '09 Northport Court', 'Dongdu', 'China', 'Aenean lectus. Pellentesque eget nunc. Donec quis orci eget orci vehicula condimentum.', 346.55, 4.65, 'Free Wi-Fi');