CREATE OR REPLACE FUNCTION generate_object_id() RETURNS varchar AS $$
    DECLARE
        time_component bigint;
        machine_id bigint := FLOOR(random() * 16777215);
        process_id bigint;
        seq_id bigint := FLOOR(random() * 16777215);
        result varchar:= '';
    BEGIN
        SELECT FLOOR(EXTRACT(EPOCH FROM clock_timestamp())) INTO time_component;
        SELECT pg_backend_pid() INTO process_id;

        result := result || lpad(to_hex(time_component), 8, '0');
        result := result || lpad(to_hex(machine_id), 6, '0');
        result := result || lpad(to_hex(process_id), 4, '0');
        result := result || lpad(to_hex(seq_id), 6, '0');
        RETURN result;
    END;
$$ LANGUAGE PLPGSQL;

DROP TABLE IF EXISTS users;
DROP TABLE IF EXISTS entities;
DROP TABLE IF EXISTS products;
DROP TABLE IF EXISTS attractions;
DROP TABLE IF EXISTS flights;

create table users (
	_id varchar(24) NOT NULL DEFAULT generate_object_id(),
	username VARCHAR(50) PRIMARY KEY,
	password VARCHAR(100) NOT NULL,
	email VARCHAR(50) NOT NULL
);

create table entities (
	_id varchar(24) NOT NULL DEFAULT generate_object_id(),
	username VARCHAR(50) PRIMARY KEY,
	password VARCHAR(100) NOT NULL,
	email VARCHAR(50) NOT NULL
);

create table products (
    _id varchar(24) NOT NULL DEFAULT generate_object_id(),
    name VARCHAR(255) NOT NULL,
    description TEXT,
    price DECIMAL(10, 2) NOT NULL,
    quantity INT NOT NULL,
    created_at TIMESTAMP DEFAULT CURRENT_TIMESTAMP
);

create table attractions (
    _id varchar(24) NOT NULL DEFAULT generate_object_id(),
    name VARCHAR(50) NOT NULL,
	city VARCHAR(50) NOT NULL,
	country VARCHAR(50) NOT NULL,
    description TEXT,
	price DECIMAL(6,2) NOT NULL,
	ratings DECIMAL(3,1) NOT NULL,
	opening_hours VARCHAR(50) NOT NULL,
	type_of_attraction VARCHAR(30) NOT NULL
);

create table flights (
    _id varchar(24) NOT NULL DEFAULT generate_object_id(),
	departure_city VARCHAR(50) NOT NULL,
	arrival_city VARCHAR(50) NOT NULL,
    departure_date VARCHAR(50) NOT NULL,
    departure_time VARCHAR(50) NOT NULL,
    flight_duration INT NOT NULL,
	ticket_price DECIMAL(10,2) NOT NULL
);

insert into users (_id, username, password, email) values ('65757316fc13ae561bfa20eb', 'Wilek', '$2a$04$gFV8SwSMf9jzfx5Gax2x9eJ/o1dtxa3WMbMxbbDvN2cpzhHdn/KFy', 'wlannin0@admin.ch');
insert into users (_id, username, password, email) values ('65757316fc13ae561bfa20ec', 'Neville', '$2a$04$VrmVSPIcSEgMV/kW6yo/GugiuIWDNAHYQEky0X6ic/eYyOrggKdMy', 'nlawlor1@dailymotion.com');
insert into users (_id, username, password, email) values ('65757316fc13ae561bfa20ed', 'Alic', '$2a$04$y4G4V3/gvvBijJ0HzdqtGuSuTf4bCz3ucOsEz24T3oUtLFTquLaLG', 'astokoe2@hc360.com');
insert into users (_id, username, password, email) values ('65757316fc13ae561bfa20ee', 'Noellyn', '$2a$04$uqmJvgdRxfS5amtuZu3VZu4ftuZZV3hMGXIX6ze/2VaagJ/E14vCW', 'nadame3@alibaba.com');
insert into users (_id, username, password, email) values ('65757316fc13ae561bfa20ef', 'Richy', '$2a$04$fwZsy.IEwxTV9i8zIKpEGOn1xO5eWhIL8V9KefJN9Q5bxVQOtVQO6', 'rtesmond4@etsy.com');
insert into users (_id, username, password, email) values ('65757316fc13ae561bfa20f0', 'Marena', '$2a$04$WxXUU3Ni9oX5xrvpqM/RlOq5d17x8y5Gz3.H/LgZ0DmHXJpc5M.YK', 'mgoodright5@dagondesign.com');
insert into users (_id, username, password, email) values ('65757316fc13ae561bfa20f1', 'Bernice', '$2a$04$zmDsdhLN1ZhRqfcBli7K8ualPeOC1efVDp04XiolFg81rOUO/jL3a', 'brosenfarb6@dell.com');
insert into users (_id, username, password, email) values ('65757316fc13ae561bfa20f2', 'Audra', '$2a$04$wV9njvlAIh118jeBSDlkjeo4jkedwUTblbrpSAOHjNnTpXa4uIhBa', 'agillan7@epa.gov');
insert into users (_id, username, password, email) values ('65757316fc13ae561bfa20f3', 'Nicholle', '$2a$04$iBN1MGyUKBB8Prj52BX..eYA3lX8hUQlxENBwRMih8Ax81whJXuaW', 'ncheetham8@so-net.ne.jp');
insert into users (_id, username, password, email) values ('65757316fc13ae561bfa20f4', 'Malachi', '$2a$04$7ipQpGevDpXX4/BjCR0o9OZESlcc4ucZjhYj/6pHvDakNh21lVwYa', 'mleyman9@youku.com');
insert into users (_id, username, password, email) values ('65757316fc13ae561bfa20f5', 'Chuck', '$2a$04$OehNrsga3sascvMzjZYRzu5vA7/sodhrsukW0G7B4klqhUsUaWovG', 'cmarta@hostgator.com');
insert into users (_id, username, password, email) values ('65757316fc13ae561bfa20f6', 'Ulberto', '$2a$04$meeB5mXstw.agV5IbvSnWuxDcENlHoZA9V48ApMvLZ7n4wMb4eupG', 'ubrackb@time.com');
insert into users (_id, username, password, email) values ('65757316fc13ae561bfa20f7', 'Christoffer', '$2a$04$Tpovq/U29YzAiNUWL.u9JO9FJYs8UkbXo.k6loJ6QSEFMKIKQX67a', 'cbrocktonc@acquirethisname.com');
insert into users (_id, username, password, email) values ('65757316fc13ae561bfa20f8', 'Consuela', '$2a$04$muGIZQg5kWD1sH4Cdq9XtuTdRLMpGsaxf12Y2hEPhJLVv6QC8YZhC', 'chaskerd@sbwire.com');
insert into users (_id, username, password, email) values ('65757316fc13ae561bfa20f9', 'Crosby', '$2a$04$RB0RZq2S78h8AGpCFuEAoOL7xvFOeNRI61EcwEnBAp1tGwE/RJ4GC', 'czammette@yahoo.co.jp');
insert into users (_id, username, password, email) values ('65757316fc13ae561bfa20fa', 'Scarlet', '$2a$04$JmBIy3ofvhH/CI45l9LJ7e2nxoI5Jsy9RWbQw/DKXHpOx9aUCYRMO', 'seaglef@rediff.com');
insert into users (_id, username, password, email) values ('65757316fc13ae561bfa20fb', 'Olvan', '$2a$04$AvFaqnEtcyPtNTD9kiCw4e/H6P2OuOhi603Utojqz6jZvM1eC3LuC', 'owaghorneg@google.co.uk');
insert into users (_id, username, password, email) values ('65757316fc13ae561bfa20fc', 'Henrieta', '$2a$04$6CUr.QH/xCCtgHZYV1xq1Oa3sgFkHls9go2u.cfXe0WO2sSpXQFbe', 'htunaclifth@a8.net');
insert into users (_id, username, password, email) values ('65757316fc13ae561bfa20fd', 'Padraig', '$2a$04$dcWoybOed2TjPGKcAd5E1.d21aCpnnt9ytDckcv8jcF9.jEWe.aiq', 'pkelletti@ox.ac.uk');
insert into users (_id, username, password, email) values ('65757316fc13ae561bfa20fe', 'Kandy', '$2a$04$KCwVuB8Z9oE/rqkmMxO16Om2dKWfycjHAwBIEFclNNKPh9wKts5vq', 'kguerrij@google.pl');
insert into users (_id, username, password, email) values ('65757316fc13ae561bfa20ff', 'Silvan', '$2a$04$0XCIoaqWbvh4/sEAPlUQaOfSqMFkjdV./JDbRtOmMZfIJXc6PVoIu', 'sphilippk@chicagotribune.com');
insert into users (_id, username, password, email) values ('65757316fc13ae561bfa2100', 'Cleopatra', '$2a$04$bFbaht8HQlfvJ6tGC5rHFeNbBm9Z6JqIsu.AGbZt7K1s05eacQ0Xe', 'cantonellil@merriam-webster.com');
insert into users (_id, username, password, email) values ('65757316fc13ae561bfa2101', 'Electra', '$2a$04$7SezEGY.khASXbUMetxaJeLNj.yynbiqRB.TEI5hj0scFOqFFjyZe', 'ebouldingm@wisc.edu');
insert into users (_id, username, password, email) values ('65757316fc13ae561bfa2102', 'Glenda', '$2a$04$uf9rXmcBFF3UxhEGWaHozel4qcoDPytXpw93QQxOXicChqPtWooo.', 'galderseyn@accuweather.com');
insert into users (_id, username, password, email) values ('65757316fc13ae561bfa2103', 'Stanislas', '$2a$04$OwOXuTsf1zztA.HetDIrhO3MCBGD1gkjq33ODUxpPhBpyhYaMKpPu', 'sfrancklyno@techcrunch.com');
insert into users (_id, username, password, email) values ('65757316fc13ae561bfa2104', 'Aila', '$2a$04$zFXQBgfk4hMzyiPp3YfVr.OuwD/JkW.h6dFI2OlJoOjE/dE4kClFe', 'ableadenp@odnoklassniki.ru');
insert into users (_id, username, password, email) values ('65757316fc13ae561bfa2105', 'Cortney', '$2a$04$czqAwmN0npRojZjuZioL5O417PRLJOODyptNNto2mTb.6gWekKnxW', 'cmeanwellq@reference.com');
insert into users (_id, username, password, email) values ('65757316fc13ae561bfa2106', 'Gwynne', '$2a$04$8a5UPYPpbJMxQ1rjBkRhseEu/FFJ6oPJ7jeVw13MvqPdsO0PRFVO2', 'glebelr@intel.com');
insert into users (_id, username, password, email) values ('65757316fc13ae561bfa2107', 'Thurston', '$2a$04$fN7ZF2OSWshtAhTQGgoYsuAsyXtHIJeZMqWlRfKCg6V0TKoeRj80W', 'tfaloons@cafepress.com');
insert into users (_id, username, password, email) values ('65757316fc13ae561bfa2108', 'Leese', '$2a$04$iY1meIHoNNcmEgyraikVKudpNTHp8PGXUm8HL8MSUYIOJICJ.Ao.u', 'lkeppelt@indiegogo.com');
insert into users (_id, username, password, email) values ('65757316fc13ae561bfa2109', 'Barbabas', '$2a$04$xfc9/DLHWQqsMIN5dH7lu.jH.hafqKFP7Nd3vnC0cORoxS3x9Oy4i', 'blanstonu@dagondesign.com');
insert into users (_id, username, password, email) values ('65757316fc13ae561bfa210a', 'Donetta', '$2a$04$oTSYm8z2GsWT4bRfOSUN1ODoagTG4Yf9WLtkV1iM4TTKgO/pqTJfW', 'dwiggamv@angelfire.com');
insert into users (_id, username, password, email) values ('65757316fc13ae561bfa210b', 'Leilah', '$2a$04$MgilxGSXBAJ6pvDZ.DsDe.nGCk1pD.qQnUDm54yhg1yfouU5cM/Zy', 'lgiraudotw@rambler.ru');
insert into users (_id, username, password, email) values ('65757316fc13ae561bfa210c', 'Frederigo', '$2a$04$wPAxM1yiaPUjHaK0MouN7.G2u06EG25Q.TL2el2q3lExyYYIom5iu', 'fzannotellix@dropbox.com');
insert into users (_id, username, password, email) values ('65757316fc13ae561bfa210d', 'Ulrick', '$2a$04$e5KIOYUNU3l9O5xC38gWN.cChBQ/.eNbqFGHXvopArWQQ4q38klHK', 'udarkery@plala.or.jp');
insert into users (_id, username, password, email) values ('65757316fc13ae561bfa210e', 'Odilia', '$2a$04$g6aiaZ.EErQhZ1uEb0mrsOPxhyNN9zo2w.CWhRtwTllEro03oEBUW', 'osharplingz@elpais.com');
insert into users (_id, username, password, email) values ('65757316fc13ae561bfa210f', 'Nomi', '$2a$04$vyuJT30T6PAI.vFbqnOiF.OqlvCnH5jmBEV8s81Jxnem4DRSmdOIC', 'ntisun10@artisteer.com');
insert into users (_id, username, password, email) values ('65757316fc13ae561bfa2110', 'Silvano', '$2a$04$OUILoQ91RlIZ3QOpn9XIxuHm.r26a0umz57dueBMWPWjHlC928m5C', 'sairton11@ucoz.ru');
insert into users (_id, username, password, email) values ('65757316fc13ae561bfa2111', 'Merry', '$2a$04$EnmJIlRjiPsyBgEy6LprHe/KBtx8w4Tf9FjFJUHfsEH9g.YLnJY4W', 'mkettlestringe12@auda.org.au');
insert into users (_id, username, password, email) values ('65757316fc13ae561bfa2112', 'Darice', '$2a$04$3LMJj/IFXwdi4ZqanItFIOQ3aq8vt4Mfwe.rwC/5zIJfyn3QvqAsq', 'diacofo13@merriam-webster.com');
insert into users (_id, username, password, email) values ('65757316fc13ae561bfa2113', 'Melli', '$2a$04$DN5OfgKU.JT9J2c3M3K95.vmzeno9hcwtMNJO/v7halL5gvfmDQj2', 'mlilleycrop14@mysql.com');
insert into users (_id, username, password, email) values ('65757316fc13ae561bfa2114', 'Glynda', '$2a$04$KZbZ4Aq8b3syqVyYcT.oPuM0XIgqRUhl5vL6I3tv19RFXsWrjiqTm', 'ggrealey15@discovery.com');
insert into users (_id, username, password, email) values ('65757316fc13ae561bfa2115', 'Ginnie', '$2a$04$IBtcf0v4A83MaVvXCAREeuRB1uhntv5UhaSN0SYMic/ROVkaEpVpi', 'gbadman16@soundcloud.com');
insert into users (_id, username, password, email) values ('65757316fc13ae561bfa2116', 'Tedie', '$2a$04$QxtBWTh5eKMiLYU1k7K4IeIUgSqt5HQp1kK2CrhEualQ29oOIrR8C', 'ttoffoloni17@theguardian.com');
insert into users (_id, username, password, email) values ('65757316fc13ae561bfa2117', 'Babette', '$2a$04$ctdERfcYKMpEwv4PdUeuT.AiH1.6XNUZS.7I2/a1OiW6sMAUUDQuO', 'bmitkin18@reference.com');
insert into users (_id, username, password, email) values ('65757316fc13ae561bfa2118', 'Deane', '$2a$04$wGgEYJrUz2njveRVf8jxHuGV.5SIrGCJttLu1nSMJ215zbkhdPrYm', 'degre19@businesswire.com');
insert into users (_id, username, password, email) values ('65757316fc13ae561bfa2119', 'Reamonn', '$2a$04$VHakyBhZ3ebEcnZy4LQo6.6.DJLLpZkBUZk.oFfuINIedIyLl1f6C', 'rstrelitzki1a@baidu.com');
insert into users (_id, username, password, email) values ('65757316fc13ae561bfa211a', 'Aigneis', '$2a$04$d/d3niuEAJIreq/OriUElOpDsMGIWQVjMahJHYwDBXVIqFcmXtz..', 'abygrave1b@nbcnews.com');
insert into users (_id, username, password, email) values ('65757316fc13ae561bfa211b', 'Marven', '$2a$04$6NIJKxav510sdRN1TseGverZzwxvoHMotZTnwMDR3uXZazpAH5OjO', 'mburet1c@hugedomains.com');
insert into users (_id, username, password, email) values ('65757316fc13ae561bfa211c', 'Dorette', '$2a$04$RiqckewgZWBFj2jNYikcjeP.Jix16XQ3eRItgBaQ5tD0DfBH62B4G', 'drayner1d@deliciousdays.com');



insert into entities (_id, username, password, email) values ('65757316fc13ae561bfa20eb', 'Wilek', '$2a$04$gFV8SwSMf9jzfx5Gax2x9eJ/o1dtxa3WMbMxbbDvN2cpzhHdn/KFy', 'wlannin0@admin.ch');
insert into entities (_id, username, password, email) values ('65757316fc13ae561bfa20ec', 'Neville', '$2a$04$VrmVSPIcSEgMV/kW6yo/GugiuIWDNAHYQEky0X6ic/eYyOrggKdMy', 'nlawlor1@dailymotion.com');
insert into entities (_id, username, password, email) values ('65757316fc13ae561bfa20ed', 'Alic', '$2a$04$y4G4V3/gvvBijJ0HzdqtGuSuTf4bCz3ucOsEz24T3oUtLFTquLaLG', 'astokoe2@hc360.com');
insert into entities (_id, username, password, email) values ('65757316fc13ae561bfa20ee', 'Noellyn', '$2a$04$uqmJvgdRxfS5amtuZu3VZu4ftuZZV3hMGXIX6ze/2VaagJ/E14vCW', 'nadame3@alibaba.com');
insert into entities (_id, username, password, email) values ('65757316fc13ae561bfa20ef', 'Richy', '$2a$04$fwZsy.IEwxTV9i8zIKpEGOn1xO5eWhIL8V9KefJN9Q5bxVQOtVQO6', 'rtesmond4@etsy.com');
insert into entities (_id, username, password, email) values ('65757316fc13ae561bfa20f0', 'Marena', '$2a$04$WxXUU3Ni9oX5xrvpqM/RlOq5d17x8y5Gz3.H/LgZ0DmHXJpc5M.YK', 'mgoodright5@dagondesign.com');
insert into entities (_id, username, password, email) values ('65757316fc13ae561bfa20f1', 'Bernice', '$2a$04$zmDsdhLN1ZhRqfcBli7K8ualPeOC1efVDp04XiolFg81rOUO/jL3a', 'brosenfarb6@dell.com');
insert into entities (_id, username, password, email) values ('65757316fc13ae561bfa20f2', 'Audra', '$2a$04$wV9njvlAIh118jeBSDlkjeo4jkedwUTblbrpSAOHjNnTpXa4uIhBa', 'agillan7@epa.gov');
insert into entities (_id, username, password, email) values ('65757316fc13ae561bfa20f3', 'Nicholle', '$2a$04$iBN1MGyUKBB8Prj52BX..eYA3lX8hUQlxENBwRMih8Ax81whJXuaW', 'ncheetham8@so-net.ne.jp');
insert into entities (_id, username, password, email) values ('65757316fc13ae561bfa20f4', 'Malachi', '$2a$04$7ipQpGevDpXX4/BjCR0o9OZESlcc4ucZjhYj/6pHvDakNh21lVwYa', 'mleyman9@youku.com');
insert into entities (_id, username, password, email) values ('65757316fc13ae561bfa20f5', 'Chuck', '$2a$04$OehNrsga3sascvMzjZYRzu5vA7/sodhrsukW0G7B4klqhUsUaWovG', 'cmarta@hostgator.com');
insert into entities (_id, username, password, email) values ('65757316fc13ae561bfa20f6', 'Ulberto', '$2a$04$meeB5mXstw.agV5IbvSnWuxDcENlHoZA9V48ApMvLZ7n4wMb4eupG', 'ubrackb@time.com');
insert into entities (_id, username, password, email) values ('65757316fc13ae561bfa20f7', 'Christoffer', '$2a$04$Tpovq/U29YzAiNUWL.u9JO9FJYs8UkbXo.k6loJ6QSEFMKIKQX67a', 'cbrocktonc@acquirethisname.com');
insert into entities (_id, username, password, email) values ('65757316fc13ae561bfa20f8', 'Consuela', '$2a$04$muGIZQg5kWD1sH4Cdq9XtuTdRLMpGsaxf12Y2hEPhJLVv6QC8YZhC', 'chaskerd@sbwire.com');
insert into entities (_id, username, password, email) values ('65757316fc13ae561bfa20f9', 'Crosby', '$2a$04$RB0RZq2S78h8AGpCFuEAoOL7xvFOeNRI61EcwEnBAp1tGwE/RJ4GC', 'czammette@yahoo.co.jp');
insert into entities (_id, username, password, email) values ('65757316fc13ae561bfa20fa', 'Scarlet', '$2a$04$JmBIy3ofvhH/CI45l9LJ7e2nxoI5Jsy9RWbQw/DKXHpOx9aUCYRMO', 'seaglef@rediff.com');
insert into entities (_id, username, password, email) values ('65757316fc13ae561bfa20fb', 'Olvan', '$2a$04$AvFaqnEtcyPtNTD9kiCw4e/H6P2OuOhi603Utojqz6jZvM1eC3LuC', 'owaghorneg@google.co.uk');
insert into entities (_id, username, password, email) values ('65757316fc13ae561bfa20fc', 'Henrieta', '$2a$04$6CUr.QH/xCCtgHZYV1xq1Oa3sgFkHls9go2u.cfXe0WO2sSpXQFbe', 'htunaclifth@a8.net');
insert into entities (_id, username, password, email) values ('65757316fc13ae561bfa20fd', 'Padraig', '$2a$04$dcWoybOed2TjPGKcAd5E1.d21aCpnnt9ytDckcv8jcF9.jEWe.aiq', 'pkelletti@ox.ac.uk');
insert into entities (_id, username, password, email) values ('65757316fc13ae561bfa20fe', 'Kandy', '$2a$04$KCwVuB8Z9oE/rqkmMxO16Om2dKWfycjHAwBIEFclNNKPh9wKts5vq', 'kguerrij@google.pl');
insert into entities (_id, username, password, email) values ('65757316fc13ae561bfa20ff', 'Silvan', '$2a$04$0XCIoaqWbvh4/sEAPlUQaOfSqMFkjdV./JDbRtOmMZfIJXc6PVoIu', 'sphilippk@chicagotribune.com');
insert into entities (_id, username, password, email) values ('65757316fc13ae561bfa2100', 'Cleopatra', '$2a$04$bFbaht8HQlfvJ6tGC5rHFeNbBm9Z6JqIsu.AGbZt7K1s05eacQ0Xe', 'cantonellil@merriam-webster.com');
insert into entities (_id, username, password, email) values ('65757316fc13ae561bfa2101', 'Electra', '$2a$04$7SezEGY.khASXbUMetxaJeLNj.yynbiqRB.TEI5hj0scFOqFFjyZe', 'ebouldingm@wisc.edu');
insert into entities (_id, username, password, email) values ('65757316fc13ae561bfa2102', 'Glenda', '$2a$04$uf9rXmcBFF3UxhEGWaHozel4qcoDPytXpw93QQxOXicChqPtWooo.', 'galderseyn@accuweather.com');
insert into entities (_id, username, password, email) values ('65757316fc13ae561bfa2103', 'Stanislas', '$2a$04$OwOXuTsf1zztA.HetDIrhO3MCBGD1gkjq33ODUxpPhBpyhYaMKpPu', 'sfrancklyno@techcrunch.com');
insert into entities (_id, username, password, email) values ('65757316fc13ae561bfa2104', 'Aila', '$2a$04$zFXQBgfk4hMzyiPp3YfVr.OuwD/JkW.h6dFI2OlJoOjE/dE4kClFe', 'ableadenp@odnoklassniki.ru');
insert into entities (_id, username, password, email) values ('65757316fc13ae561bfa2105', 'Cortney', '$2a$04$czqAwmN0npRojZjuZioL5O417PRLJOODyptNNto2mTb.6gWekKnxW', 'cmeanwellq@reference.com');
insert into entities (_id, username, password, email) values ('65757316fc13ae561bfa2106', 'Gwynne', '$2a$04$8a5UPYPpbJMxQ1rjBkRhseEu/FFJ6oPJ7jeVw13MvqPdsO0PRFVO2', 'glebelr@intel.com');
insert into entities (_id, username, password, email) values ('65757316fc13ae561bfa2107', 'Thurston', '$2a$04$fN7ZF2OSWshtAhTQGgoYsuAsyXtHIJeZMqWlRfKCg6V0TKoeRj80W', 'tfaloons@cafepress.com');
insert into entities (_id, username, password, email) values ('65757316fc13ae561bfa2108', 'Leese', '$2a$04$iY1meIHoNNcmEgyraikVKudpNTHp8PGXUm8HL8MSUYIOJICJ.Ao.u', 'lkeppelt@indiegogo.com');
insert into entities (_id, username, password, email) values ('65757316fc13ae561bfa2109', 'Barbabas', '$2a$04$xfc9/DLHWQqsMIN5dH7lu.jH.hafqKFP7Nd3vnC0cORoxS3x9Oy4i', 'blanstonu@dagondesign.com');
insert into entities (_id, username, password, email) values ('65757316fc13ae561bfa210a', 'Donetta', '$2a$04$oTSYm8z2GsWT4bRfOSUN1ODoagTG4Yf9WLtkV1iM4TTKgO/pqTJfW', 'dwiggamv@angelfire.com');
insert into entities (_id, username, password, email) values ('65757316fc13ae561bfa210b', 'Leilah', '$2a$04$MgilxGSXBAJ6pvDZ.DsDe.nGCk1pD.qQnUDm54yhg1yfouU5cM/Zy', 'lgiraudotw@rambler.ru');
insert into entities (_id, username, password, email) values ('65757316fc13ae561bfa210c', 'Frederigo', '$2a$04$wPAxM1yiaPUjHaK0MouN7.G2u06EG25Q.TL2el2q3lExyYYIom5iu', 'fzannotellix@dropbox.com');
insert into entities (_id, username, password, email) values ('65757316fc13ae561bfa210d', 'Ulrick', '$2a$04$e5KIOYUNU3l9O5xC38gWN.cChBQ/.eNbqFGHXvopArWQQ4q38klHK', 'udarkery@plala.or.jp');
insert into entities (_id, username, password, email) values ('65757316fc13ae561bfa210e', 'Odilia', '$2a$04$g6aiaZ.EErQhZ1uEb0mrsOPxhyNN9zo2w.CWhRtwTllEro03oEBUW', 'osharplingz@elpais.com');
insert into entities (_id, username, password, email) values ('65757316fc13ae561bfa210f', 'Nomi', '$2a$04$vyuJT30T6PAI.vFbqnOiF.OqlvCnH5jmBEV8s81Jxnem4DRSmdOIC', 'ntisun10@artisteer.com');
insert into entities (_id, username, password, email) values ('65757316fc13ae561bfa2110', 'Silvano', '$2a$04$OUILoQ91RlIZ3QOpn9XIxuHm.r26a0umz57dueBMWPWjHlC928m5C', 'sairton11@ucoz.ru');
insert into entities (_id, username, password, email) values ('65757316fc13ae561bfa2111', 'Merry', '$2a$04$EnmJIlRjiPsyBgEy6LprHe/KBtx8w4Tf9FjFJUHfsEH9g.YLnJY4W', 'mkettlestringe12@auda.org.au');
insert into entities (_id, username, password, email) values ('65757316fc13ae561bfa2112', 'Darice', '$2a$04$3LMJj/IFXwdi4ZqanItFIOQ3aq8vt4Mfwe.rwC/5zIJfyn3QvqAsq', 'diacofo13@merriam-webster.com');
insert into entities (_id, username, password, email) values ('65757316fc13ae561bfa2113', 'Melli', '$2a$04$DN5OfgKU.JT9J2c3M3K95.vmzeno9hcwtMNJO/v7halL5gvfmDQj2', 'mlilleycrop14@mysql.com');
insert into entities (_id, username, password, email) values ('65757316fc13ae561bfa2114', 'Glynda', '$2a$04$KZbZ4Aq8b3syqVyYcT.oPuM0XIgqRUhl5vL6I3tv19RFXsWrjiqTm', 'ggrealey15@discovery.com');
insert into entities (_id, username, password, email) values ('65757316fc13ae561bfa2115', 'Ginnie', '$2a$04$IBtcf0v4A83MaVvXCAREeuRB1uhntv5UhaSN0SYMic/ROVkaEpVpi', 'gbadman16@soundcloud.com');
insert into entities (_id, username, password, email) values ('65757316fc13ae561bfa2116', 'Tedie', '$2a$04$QxtBWTh5eKMiLYU1k7K4IeIUgSqt5HQp1kK2CrhEualQ29oOIrR8C', 'ttoffoloni17@theguardian.com');
insert into entities (_id, username, password, email) values ('65757316fc13ae561bfa2117', 'Babette', '$2a$04$ctdERfcYKMpEwv4PdUeuT.AiH1.6XNUZS.7I2/a1OiW6sMAUUDQuO', 'bmitkin18@reference.com');
insert into entities (_id, username, password, email) values ('65757316fc13ae561bfa2118', 'Deane', '$2a$04$wGgEYJrUz2njveRVf8jxHuGV.5SIrGCJttLu1nSMJ215zbkhdPrYm', 'degre19@businesswire.com');
insert into entities (_id, username, password, email) values ('65757316fc13ae561bfa2119', 'Reamonn', '$2a$04$VHakyBhZ3ebEcnZy4LQo6.6.DJLLpZkBUZk.oFfuINIedIyLl1f6C', 'rstrelitzki1a@baidu.com');
insert into entities (_id, username, password, email) values ('65757316fc13ae561bfa211a', 'Aigneis', '$2a$04$d/d3niuEAJIreq/OriUElOpDsMGIWQVjMahJHYwDBXVIqFcmXtz..', 'abygrave1b@nbcnews.com');
insert into entities (_id, username, password, email) values ('65757316fc13ae561bfa211b', 'Marven', '$2a$04$6NIJKxav510sdRN1TseGverZzwxvoHMotZTnwMDR3uXZazpAH5OjO', 'mburet1c@hugedomains.com');
insert into entities (_id, username, password, email) values ('65757316fc13ae561bfa211c', 'Dorette', '$2a$04$RiqckewgZWBFj2jNYikcjeP.Jix16XQ3eRItgBaQ5tD0DfBH62B4G', 'drayner1d@deliciousdays.com');



insert into products (_id, name, description, price, quantity, created_at) values ('6591464efc13ae0a31fa20b9', 'Cold Head Congestion Daytime Non-Drowsy', 'Integer a nibh. In quis justo.', 29.61, 95, '2023-12-28 15:56:58');
insert into products (_id, name, description, price, quantity, created_at) values ('6591464efc13ae0a31fa20ba', 'North Cough Drop', 'Morbi odio odio, elementum eu, interdum eu, tincidunt in, leo.', 12.37, 9, '2023-08-08 17:50:59');
insert into products (_id, name, description, price, quantity, created_at) values ('6591464efc13ae0a31fa20bb', 'Suave', 'Quisque porta volutpat erat.', 64.97, 143, '2023-07-30 01:10:51');
insert into products (_id, name, description, price, quantity, created_at) values ('6591464efc13ae0a31fa20bc', 'Quetiapine Fumarate', 'Mauris lacinia sapien quis libero.', 45.9, 78, '2023-03-28 05:53:39');
insert into products (_id, name, description, price, quantity, created_at) values ('6591464efc13ae0a31fa20bd', 'ONDANSETRON HYDROCHLORIDE', 'Nulla nisl.', 45.17, 49, '2023-08-20 17:52:29');
insert into products (_id, name, description, price, quantity, created_at) values ('6591464efc13ae0a31fa20be', 'Parathyroplex', 'Mauris lacinia sapien quis libero. Nullam sit amet turpis elementum ligula vehicula consequat.', 91.56, 102, '2023-04-09 14:35:29');
insert into products (_id, name, description, price, quantity, created_at) values ('6591464efc13ae0a31fa20bf', 'Oxycodone hydrochloride and Ibuprofen', 'Curabitur gravida nisi at nibh. In hac habitasse platea dictumst.', 20.39, 0, '2023-04-10 16:49:20');
insert into products (_id, name, description, price, quantity, created_at) values ('6591464efc13ae0a31fa20c0', 'PAROXETINE', null, 46.33, 53, '2023-09-01 08:05:41');
insert into products (_id, name, description, price, quantity, created_at) values ('6591464efc13ae0a31fa20c1', 'Tikosyn', 'Praesent id massa id nisl venenatis lacinia. Aenean sit amet justo. Morbi ut odio.', 22.21, 52, '2023-03-26 17:07:27');
insert into products (_id, name, description, price, quantity, created_at) values ('6591464efc13ae0a31fa20c2', 'Good sense sleep aid', 'Nulla suscipit ligula in lacus. Curabitur at ipsum ac tellus semper interdum. Mauris ullamcorper purus sit amet nulla.', 5.9, 117, '2023-08-22 03:58:04');
insert into products (_id, name, description, price, quantity, created_at) values ('6591464efc13ae0a31fa20c3', 'Nifedipine', 'Quisque id justo sit amet sapien dignissim vestibulum. Vestibulum ante ipsum primis in faucibus orci luctus et ultrices posuere cubilia Curae; Nulla dapibus dolor vel est.', 76.11, 24, '2023-03-22 12:19:22');
insert into products (_id, name, description, price, quantity, created_at) values ('6591464efc13ae0a31fa20c4', 'PREPOPIK', null, 49.86, 145, '2023-12-25 09:14:44');
insert into products (_id, name, description, price, quantity, created_at) values ('6591464efc13ae0a31fa20c5', 'Lidocaine Hydrochloride and Epinephrine', 'Vestibulum ante ipsum primis in faucibus orci luctus et ultrices posuere cubilia Curae; Nulla dapibus dolor vel est. Donec odio justo, sollicitudin ut, suscipit a, feugiat et, eros.', 18.85, 13, '2023-10-03 15:20:11');
insert into products (_id, name, description, price, quantity, created_at) values ('6591464efc13ae0a31fa20c6', 'IC-Green', 'Nam ultrices, libero non mattis pulvinar, nulla pede ullamcorper augue, a suscipit nulla elit ac nulla. Sed vel enim sit amet nunc viverra dapibus.', 51.88, 126, '2023-08-05 03:01:44');
insert into products (_id, name, description, price, quantity, created_at) values ('6591464efc13ae0a31fa20c7', 'Laxative', 'Maecenas tincidunt lacus at velit. Vivamus vel nulla eget eros elementum pellentesque. Quisque porta volutpat erat.', 38.48, 86, '2023-03-26 04:43:54');
insert into products (_id, name, description, price, quantity, created_at) values ('6591464efc13ae0a31fa20c8', 'Balmex Diaper Rash Stick', 'In sagittis dui vel nisl. Duis ac nibh. Fusce lacus purus, aliquet at, feugiat non, pretium quis, lectus.', 83.93, 92, '2023-03-18 14:18:06');
insert into products (_id, name, description, price, quantity, created_at) values ('6591464efc13ae0a31fa20c9', 'Standardized Grass Pollen, Sweet Vernal Grass', null, 65.34, 6, '2023-02-05 05:28:15');
insert into products (_id, name, description, price, quantity, created_at) values ('6591464efc13ae0a31fa20ca', 'Ibuprofen and Diphenhydramine Citrate', 'Lorem ipsum dolor sit amet, consectetuer adipiscing elit. Proin interdum mauris non ligula pellentesque ultrices. Phasellus id sapien in sapien iaculis congue.', 80.94, 75, '2023-04-24 05:29:21');
insert into products (_id, name, description, price, quantity, created_at) values ('6591464efc13ae0a31fa20cb', 'Prazosin Hydrochloride', 'Donec semper sapien a libero. Nam dui. Proin leo odio, porttitor id, consequat in, consequat ut, nulla.', 22.74, 17, '2023-09-05 15:41:45');
insert into products (_id, name, description, price, quantity, created_at) values ('6591464efc13ae0a31fa20cc', 'Leader Kids', 'Morbi porttitor lorem id ligula. Suspendisse ornare consequat lectus.', 68.19, 85, '2023-06-29 01:57:53');
insert into products (_id, name, description, price, quantity, created_at) values ('6591464efc13ae0a31fa20cd', 'Hive Away', 'Cum sociis natoque penatibus et magnis dis parturient montes, nascetur ridiculus mus. Vivamus vestibulum sagittis sapien. Cum sociis natoque penatibus et magnis dis parturient montes, nascetur ridiculus mus.', 34.82, 122, '2023-02-09 03:53:11');
insert into products (_id, name, description, price, quantity, created_at) values ('6591464efc13ae0a31fa20ce', 'Carvedilol', 'Integer a nibh.', 16.37, 93, '2023-08-23 13:58:38');
insert into products (_id, name, description, price, quantity, created_at) values ('6591464efc13ae0a31fa20cf', 'Levetiracetam', 'Cras non velit nec nisi vulputate nonummy. Maecenas tincidunt lacus at velit. Vivamus vel nulla eget eros elementum pellentesque.', 39.68, 140, '2023-01-24 23:48:38');
insert into products (_id, name, description, price, quantity, created_at) values ('6591464efc13ae0a31fa20d0', 'RITE AID RENEWAL', 'Maecenas rhoncus aliquam lacus. Morbi quis tortor id nulla ultrices aliquet.', 55.89, 26, '2023-11-29 20:16:50');
insert into products (_id, name, description, price, quantity, created_at) values ('6591464efc13ae0a31fa20d1', 'Degree', 'Proin at turpis a pede posuere nonummy. Integer non velit. Donec diam neque, vestibulum eget, vulputate ut, ultrices vel, augue.', 42.71, 146, '2023-10-04 03:07:22');
insert into products (_id, name, description, price, quantity, created_at) values ('6591464efc13ae0a31fa20d2', 'Anti-Diarrheal', 'Morbi sem mauris, laoreet ut, rhoncus aliquet, pulvinar sed, nisl. Nunc rhoncus dui vel sem. Sed sagittis.', 3.19, 6, '2023-04-21 20:59:14');
insert into products (_id, name, description, price, quantity, created_at) values ('6591464efc13ae0a31fa20d3', 'Hydralazine Hydrochloride', 'Duis bibendum. Morbi non quam nec dui luctus rutrum.', 63.09, 142, '2023-04-27 03:53:19');
insert into products (_id, name, description, price, quantity, created_at) values ('6591464efc13ae0a31fa20d4', 'Ulta Sparkling Lemon Anti-Bacterial Deep Cleansing', 'Lorem ipsum dolor sit amet, consectetuer adipiscing elit. Proin interdum mauris non ligula pellentesque ultrices. Phasellus id sapien in sapien iaculis congue.', 3.4, 130, '2023-12-15 01:40:44');
insert into products (_id, name, description, price, quantity, created_at) values ('6591464efc13ae0a31fa20d5', 'DRONABINOL', 'Mauris enim leo, rhoncus sed, vestibulum sit amet, cursus id, turpis. Integer aliquet, massa id lobortis convallis, tortor risus dapibus augue, vel accumsan tellus nisi eu orci.', 20.1, 14, '2023-10-30 16:43:20');
insert into products (_id, name, description, price, quantity, created_at) values ('6591464efc13ae0a31fa20d6', 'Imipramine Hydrochloride', 'Duis at velit eu est congue elementum. In hac habitasse platea dictumst.', 94.38, 7, '2023-10-27 12:21:36');
insert into products (_id, name, description, price, quantity, created_at) values ('6591464efc13ae0a31fa20d7', 'Proactiv', 'Cum sociis natoque penatibus et magnis dis parturient montes, nascetur ridiculus mus. Vivamus vestibulum sagittis sapien. Cum sociis natoque penatibus et magnis dis parturient montes, nascetur ridiculus mus.', 19.25, 15, '2023-02-18 23:49:51');
insert into products (_id, name, description, price, quantity, created_at) values ('6591464efc13ae0a31fa20d8', 'Sufentanil Citrate', 'Integer ac neque. Duis bibendum. Morbi non quam nec dui luctus rutrum.', 57.18, 26, '2023-11-24 08:51:44');
insert into products (_id, name, description, price, quantity, created_at) values ('6591464efc13ae0a31fa20d9', 'ZANG QI', 'Donec vitae nisi.', 25.24, 18, '2023-08-09 18:55:04');
insert into products (_id, name, description, price, quantity, created_at) values ('6591464efc13ae0a31fa20da', 'Hydrocortisone', 'Vivamus metus arcu, adipiscing molestie, hendrerit at, vulputate vitae, nisl. Aenean lectus.', 23.13, 36, '2023-05-15 17:56:24');
insert into products (_id, name, description, price, quantity, created_at) values ('6591464efc13ae0a31fa20db', 'Enoxaparin sodium', 'Nullam molestie nibh in lectus. Pellentesque at nulla.', 49.68, 73, '2023-08-05 20:15:09');
insert into products (_id, name, description, price, quantity, created_at) values ('6591464efc13ae0a31fa20dc', 'Allergy Eye Relief', 'Pellentesque viverra pede ac diam. Cras pellentesque volutpat dui. Maecenas tristique, est et tempus semper, est quam pharetra magna, ac consequat metus sapien ut nunc.', 93.92, 46, '2023-01-24 21:25:15');
insert into products (_id, name, description, price, quantity, created_at) values ('6591464efc13ae0a31fa20dd', 'Cerebellum Thalamus B Aurum', 'Pellentesque at nulla.', 27.49, 107, '2023-10-20 09:30:01');
insert into products (_id, name, description, price, quantity, created_at) values ('6591464efc13ae0a31fa20de', 'PRINIVIL', 'Mauris enim leo, rhoncus sed, vestibulum sit amet, cursus id, turpis. Integer aliquet, massa id lobortis convallis, tortor risus dapibus augue, vel accumsan tellus nisi eu orci. Mauris lacinia sapien quis libero.', 22.03, 119, '2023-03-21 03:13:19');
insert into products (_id, name, description, price, quantity, created_at) values ('6591464efc13ae0a31fa20df', 'VIRACEPT', 'Duis at velit eu est congue elementum. In hac habitasse platea dictumst.', 82.06, 79, '2023-03-01 08:36:04');
insert into products (_id, name, description, price, quantity, created_at) values ('6591464efc13ae0a31fa20e0', 'NEXT 1 Anti-bacterial', 'Aliquam sit amet diam in magna bibendum imperdiet.', 24.74, 44, '2023-06-28 19:35:23');
insert into products (_id, name, description, price, quantity, created_at) values ('6591464efc13ae0a31fa20e1', 'Carbinoxamine Maleate', 'Donec dapibus. Duis at velit eu est congue elementum. In hac habitasse platea dictumst.', 81.89, 31, '2023-09-30 13:39:24');
insert into products (_id, name, description, price, quantity, created_at) values ('6591464efc13ae0a31fa20e2', 'Epzicom', 'In hac habitasse platea dictumst.', 92.94, 98, '2023-10-26 06:19:19');
insert into products (_id, name, description, price, quantity, created_at) values ('6591464efc13ae0a31fa20e3', 'American Beech', null, 73.39, 31, '2023-11-11 12:19:11');
insert into products (_id, name, description, price, quantity, created_at) values ('6591464efc13ae0a31fa20e4', 'Strength M', null, 93.37, 54, '2023-09-21 14:50:47');
insert into products (_id, name, description, price, quantity, created_at) values ('6591464efc13ae0a31fa20e5', 'triamcinolone acetonide', 'Proin interdum mauris non ligula pellentesque ultrices. Phasellus id sapien in sapien iaculis congue. Vivamus metus arcu, adipiscing molestie, hendrerit at, vulputate vitae, nisl.', 19.8, 66, '2023-05-20 12:06:40');
insert into products (_id, name, description, price, quantity, created_at) values ('6591464efc13ae0a31fa20e6', 'Metoclopramide Hydrochloride', 'Duis at velit eu est congue elementum. In hac habitasse platea dictumst.', 13.51, 8, '2023-02-26 17:29:19');
insert into products (_id, name, description, price, quantity, created_at) values ('6591464efc13ae0a31fa20e7', 'Escitalopram', 'Duis at velit eu est congue elementum.', 81.03, 15, '2023-11-07 13:11:10');
insert into products (_id, name, description, price, quantity, created_at) values ('6591464efc13ae0a31fa20e8', 'CELEBREX', 'Nam ultrices, libero non mattis pulvinar, nulla pede ullamcorper augue, a suscipit nulla elit ac nulla. Sed vel enim sit amet nunc viverra dapibus.', 68.73, 131, '2023-05-22 03:05:53');
insert into products (_id, name, description, price, quantity, created_at) values ('6591464efc13ae0a31fa20e9', 'MARVEL ULTIMATE SPIDER-MAN ANTIBACTERIAL HAND WIPES', 'Praesent blandit lacinia erat.', 25.65, 93, '2023-08-20 06:34:07');
insert into products (_id, name, description, price, quantity, created_at) values ('6591464efc13ae0a31fa20ea', 'Banana Boat Ultra Defense Sheer Protect FPS 50 LATAM', 'Fusce lacus purus, aliquet at, feugiat non, pretium quis, lectus. Suspendisse potenti. In eleifend quam a odio.', 76.99, 149, '2023-04-10 13:05:50');



insert into attractions (_id, name, city, country, description, price, ratings, opening_hours, type_of_attraction) values ('661609ebfc13ae7ef9ab89f5', 'Chatuchak Weekend Market', 'Yukhnov', 'Russia', 'felis sed lacus morbi sem mauris laoreet ut rhoncus aliquet pulvinar sed nisl', 572.79, 2.2, '10:01 PM', 'Beaches and Islands');
insert into attractions (_id, name, city, country, description, price, ratings, opening_hours, type_of_attraction) values ('661609ebfc13ae7ef9ab89f6', 'Bora Bora', 'Sitovo', 'Bulgaria', 'dignissim vestibulum vestibulum ante ipsum primis in faucibus orci luctus et ultrices posuere', 522.81, 9.9, '12:23 PM', 'Markets and Bazaars');
insert into attractions (_id, name, city, country, description, price, ratings, opening_hours, type_of_attraction) values ('661609ebfc13ae7ef9ab89f7', 'Versailles Gardens', 'Guangping', 'China', 'ut at dolor quis odio consequat varius integer ac leo pellentesque', 904.94, 7.6, '9:51 PM', 'Temples and Religious Sites');
insert into attractions (_id, name, city, country, description, price, ratings, opening_hours, type_of_attraction) values ('661609ebfc13ae7ef9ab89f8', 'Aurora Borealis Viewing Point', 'Bujanovac', 'Serbia', 'sollicitudin ut suscipit a feugiat et eros vestibulum ac est lacinia nisi venenatis tristique fusce', 349.17, 6.0, '8:50 AM', 'Beaches and Islands');
insert into attractions (_id, name, city, country, description, price, ratings, opening_hours, type_of_attraction) values ('661609ebfc13ae7ef9ab89f9', 'Chatuchak Weekend Market', 'Burrel', 'Albania', 'sodales sed tincidunt eu felis fusce posuere felis sed lacus morbi sem mauris laoreet ut rhoncus aliquet pulvinar sed nisl', 171.14, 8.3, '8:07 PM', 'Markets and Bazaars');
insert into attractions (_id, name, city, country, description, price, ratings, opening_hours, type_of_attraction) values ('661609ebfc13ae7ef9ab89fa', 'Aurora Borealis Viewing Point', 'Nijiangping', 'China', 'amet cursus id turpis integer aliquet massa id lobortis convallis tortor risus dapibus augue vel accumsan tellus nisi eu orci', 3.79, 5.4, '6:52 AM', 'Natural Wonders and Landscapes');
insert into attractions (_id, name, city, country, description, price, ratings, opening_hours, type_of_attraction) values ('661609ebfc13ae7ef9ab89fb', 'Bora Bora', 'Trảng Bàng', 'Vietnam', 'duis mattis egestas metus aenean fermentum donec ut mauris eget massa tempor', 626.29, 3.8, '9:09 AM', 'Markets and Bazaars');
insert into attractions (_id, name, city, country, description, price, ratings, opening_hours, type_of_attraction) values ('661609ebfc13ae7ef9ab89fc', 'Aurora Borealis Viewing Point', 'Zhongcun', 'China', 'curae mauris viverra diam vitae quam suspendisse potenti nullam porttitor lacus at turpis donec posuere metus vitae', 286.64, 9.4, '4:10 AM', 'Natural Wonders and Landscapes');
insert into attractions (_id, name, city, country, description, price, ratings, opening_hours, type_of_attraction) values ('661609ebfc13ae7ef9ab89fd', 'Chatuchak Weekend Market', 'Gontar', 'Indonesia', 'in faucibus orci luctus et ultrices posuere cubilia curae donec pharetra magna vestibulum aliquet ultrices erat tortor', 747.84, 9.4, '11:46 AM', 'Beaches and Islands');
insert into attractions (_id, name, city, country, description, price, ratings, opening_hours, type_of_attraction) values ('661609ebfc13ae7ef9ab89fe', 'Aurora Borealis Viewing Point', 'Dmanisi', 'Georgia', 'platea dictumst aliquam augue quam sollicitudin vitae consectetuer eget rutrum at lorem integer', 872.64, 2.0, '6:34 PM', 'Temples and Religious Sites');
insert into attractions (_id, name, city, country, description, price, ratings, opening_hours, type_of_attraction) values ('661609ebfc13ae7ef9ab89ff', 'Mecca', 'Roche Terre', 'Mauritius', 'ante vel ipsum praesent blandit lacinia erat vestibulum sed magna at nunc commodo placerat praesent', 903.62, 7.0, '2:29 AM', 'Historical Sites and Monuments');
insert into attractions (_id, name, city, country, description, price, ratings, opening_hours, type_of_attraction) values ('661609ebfc13ae7ef9ab8a00', 'Mecca', 'Tabu', 'Indonesia', 'tellus semper interdum mauris ullamcorper purus sit amet nulla quisque arcu libero rutrum ac lobortis vel dapibus at diam', 857.01, 6.7, '6:49 PM', 'Markets and Bazaars');
insert into attractions (_id, name, city, country, description, price, ratings, opening_hours, type_of_attraction) values ('661609ebfc13ae7ef9ab8a01', 'Imperial Citadel of Xanadu', 'Bueng Khong Long', 'Thailand', 'eleifend luctus ultricies eu nibh quisque id justo sit amet sapien dignissim vestibulum vestibulum ante ipsum primis', 898.99, 5.4, '12:53 PM', 'Natural Wonders and Landscapes');
insert into attractions (_id, name, city, country, description, price, ratings, opening_hours, type_of_attraction) values ('661609ebfc13ae7ef9ab8a02', 'Bora Bora', 'Huyang', 'China', 'eu felis fusce posuere felis sed lacus morbi sem mauris laoreet ut rhoncus', 569.25, 9.8, '3:45 PM', 'Natural Wonders and Landscapes');
insert into attractions (_id, name, city, country, description, price, ratings, opening_hours, type_of_attraction) values ('661609ebfc13ae7ef9ab8a03', 'Imperial Citadel of Xanadu', 'Nyandoma', 'Russia', 'tortor id nulla ultrices aliquet maecenas leo odio condimentum id luctus nec molestie sed justo pellentesque viverra pede ac', 594.74, 2.3, '4:19 AM', 'Natural Wonders and Landscapes');
insert into attractions (_id, name, city, country, description, price, ratings, opening_hours, type_of_attraction) values ('661609ebfc13ae7ef9ab8a04', 'Versailles Gardens', 'Rauco', 'Chile', 'non pretium quis lectus suspendisse potenti in eleifend quam a odio in hac habitasse platea dictumst maecenas ut', 508.71, 2.0, '12:18 PM', 'Temples and Religious Sites');
insert into attractions (_id, name, city, country, description, price, ratings, opening_hours, type_of_attraction) values ('661609ebfc13ae7ef9ab8a05', 'Chatuchak Weekend Market', 'Lestijärvi', 'Finland', 'dui vel sem sed sagittis nam congue risus semper porta volutpat', 135.77, 9.6, '4:31 AM', 'Temples and Religious Sites');
insert into attractions (_id, name, city, country, description, price, ratings, opening_hours, type_of_attraction) values ('661609ebfc13ae7ef9ab8a06', 'Imperial Citadel of Xanadu', 'Doāba', 'Pakistan', 'ipsum dolor sit amet consectetuer adipiscing elit proin interdum mauris non', 267.88, 1.0, '11:24 AM', 'Gardens and Parks');
insert into attractions (_id, name, city, country, description, price, ratings, opening_hours, type_of_attraction) values ('661609ebfc13ae7ef9ab8a07', 'Aurora Borealis Viewing Point', 'Kae Dam', 'Thailand', 'odio donec vitae nisi nam ultrices libero non mattis pulvinar', 382.28, 2.9, '12:04 PM', 'Natural Wonders and Landscapes');
insert into attractions (_id, name, city, country, description, price, ratings, opening_hours, type_of_attraction) values ('661609ebfc13ae7ef9ab8a08', 'Aurora Borealis Viewing Point', 'Hexi', 'China', 'cubilia curae duis faucibus accumsan odio curabitur convallis duis consequat dui nec nisi volutpat eleifend', 748.69, 5.2, '7:33 PM', 'Historical Sites and Monuments');
insert into attractions (_id, name, city, country, description, price, ratings, opening_hours, type_of_attraction) values ('661609ebfc13ae7ef9ab8a09', 'Chatuchak Weekend Market', 'Topolovgrad', 'Bulgaria', 'lacus at velit vivamus vel nulla eget eros elementum pellentesque quisque porta volutpat erat quisque erat eros viverra eget', 446.99, 1.5, '10:50 PM', 'Temples and Religious Sites');
insert into attractions (_id, name, city, country, description, price, ratings, opening_hours, type_of_attraction) values ('661609ebfc13ae7ef9ab8a0a', 'Imperial Citadel of Xanadu', 'Tangwāni', 'Pakistan', 'ipsum integer a nibh in quis justo maecenas rhoncus aliquam lacus morbi quis tortor id nulla ultrices aliquet', 287.25, 3.7, '6:12 AM', 'Natural Wonders and Landscapes');
insert into attractions (_id, name, city, country, description, price, ratings, opening_hours, type_of_attraction) values ('661609ebfc13ae7ef9ab8a0b', 'Chatuchak Weekend Market', 'Varoška Rijeka', 'Bosnia and Herzegovina', 'sit amet sem fusce consequat nulla nisl nunc nisl duis bibendum', 199.13, 9.1, '10:17 AM', 'Historical Sites and Monuments');
insert into attractions (_id, name, city, country, description, price, ratings, opening_hours, type_of_attraction) values ('661609ebfc13ae7ef9ab8a0c', 'Mecca', 'Shuangyang', 'China', 'platea dictumst maecenas ut massa quis augue luctus tincidunt nulla mollis molestie lorem quisque ut', 267.63, 7.5, '12:41 AM', 'Markets and Bazaars');
insert into attractions (_id, name, city, country, description, price, ratings, opening_hours, type_of_attraction) values ('661609ebfc13ae7ef9ab8a0d', 'Imperial Citadel of Xanadu', 'Jetis', 'Indonesia', 'nisl nunc nisl duis bibendum felis sed interdum venenatis turpis enim blandit mi in porttitor pede justo eu massa donec', 443.92, 2.1, '10:23 PM', 'Temples and Religious Sites');
insert into attractions (_id, name, city, country, description, price, ratings, opening_hours, type_of_attraction) values ('661609ebfc13ae7ef9ab8a0e', 'Versailles Gardens', 'Puerto Natales', 'Chile', 'bibendum imperdiet nullam orci pede venenatis non sodales sed tincidunt eu felis fusce posuere felis sed lacus morbi sem', 206.5, 2.2, '4:44 AM', 'Gardens and Parks');
insert into attractions (_id, name, city, country, description, price, ratings, opening_hours, type_of_attraction) values ('661609ebfc13ae7ef9ab8a0f', 'Aurora Borealis Viewing Point', 'Khirdalan', 'Azerbaijan', 'consequat varius integer ac leo pellentesque ultrices mattis odio donec vitae', 940.88, 4.3, '8:42 PM', 'Markets and Bazaars');
insert into attractions (_id, name, city, country, description, price, ratings, opening_hours, type_of_attraction) values ('661609ebfc13ae7ef9ab8a10', 'Chatuchak Weekend Market', 'Dongsheng', 'China', 'lectus suspendisse potenti in eleifend quam a odio in hac habitasse platea dictumst', 203.47, 7.1, '2:04 AM', 'Temples and Religious Sites');
insert into attractions (_id, name, city, country, description, price, ratings, opening_hours, type_of_attraction) values ('661609ebfc13ae7ef9ab8a11', 'Mecca', 'Governor’s Harbour', 'Bahamas', 'aliquam erat volutpat in congue etiam justo etiam pretium iaculis justo in', 357.42, 1.1, '2:39 PM', 'Gardens and Parks');
insert into attractions (_id, name, city, country, description, price, ratings, opening_hours, type_of_attraction) values ('661609ebfc13ae7ef9ab8a12', 'Imperial Citadel of Xanadu', 'Cova da Iria', 'Portugal', 'lectus vestibulum quam sapien varius ut blandit non interdum in ante vestibulum ante ipsum primis in faucibus orci', 197.83, 5.8, '11:41 AM', 'Beaches and Islands');
insert into attractions (_id, name, city, country, description, price, ratings, opening_hours, type_of_attraction) values ('661609ebfc13ae7ef9ab8a13', 'Imperial Citadel of Xanadu', 'Cikadu', 'Indonesia', 'mi nulla ac enim in tempor turpis nec euismod scelerisque quam turpis adipiscing lorem', 372.48, 2.3, '8:31 PM', 'Beaches and Islands');
insert into attractions (_id, name, city, country, description, price, ratings, opening_hours, type_of_attraction) values ('661609ebfc13ae7ef9ab8a14', 'Mecca', 'Weixing', 'China', 'eget orci vehicula condimentum curabitur in libero ut massa volutpat convallis', 855.68, 9.7, '10:31 PM', 'Gardens and Parks');
insert into attractions (_id, name, city, country, description, price, ratings, opening_hours, type_of_attraction) values ('661609ebfc13ae7ef9ab8a15', 'Bora Bora', 'Xinghua', 'China', 'blandit lacinia erat vestibulum sed magna at nunc commodo placerat', 466.96, 2.5, '11:50 PM', 'Temples and Religious Sites');
insert into attractions (_id, name, city, country, description, price, ratings, opening_hours, type_of_attraction) values ('661609ebfc13ae7ef9ab8a16', 'Bora Bora', 'Susapaya', 'Peru', 'ut odio cras mi pede malesuada in imperdiet et commodo vulputate justo in blandit ultrices enim lorem ipsum dolor', 632.0, 5.1, '7:05 PM', 'Temples and Religious Sites');
insert into attractions (_id, name, city, country, description, price, ratings, opening_hours, type_of_attraction) values ('661609ebfc13ae7ef9ab8a17', 'Bora Bora', 'Coyah', 'Guinea', 'curae duis faucibus accumsan odio curabitur convallis duis consequat dui nec nisi volutpat eleifend donec ut dolor morbi vel lectus', 169.87, 4.2, '9:26 PM', 'Temples and Religious Sites');
insert into attractions (_id, name, city, country, description, price, ratings, opening_hours, type_of_attraction) values ('661609ebfc13ae7ef9ab8a18', 'Chatuchak Weekend Market', 'Reshetnikovo', 'Russia', 'amet justo morbi ut odio cras mi pede malesuada in imperdiet et', 582.68, 9.9, '12:17 PM', 'Beaches and Islands');
insert into attractions (_id, name, city, country, description, price, ratings, opening_hours, type_of_attraction) values ('661609ebfc13ae7ef9ab8a19', 'Versailles Gardens', 'Chamalières', 'France', 'nisi eu orci mauris lacinia sapien quis libero nullam sit amet turpis elementum ligula vehicula consequat morbi', 166.9, 2.5, '5:18 PM', 'Temples and Religious Sites');
insert into attractions (_id, name, city, country, description, price, ratings, opening_hours, type_of_attraction) values ('661609ebfc13ae7ef9ab8a1a', 'Aurora Borealis Viewing Point', 'Talon', 'Indonesia', 'luctus ultricies eu nibh quisque id justo sit amet sapien dignissim', 810.39, 2.3, '1:58 AM', 'Markets and Bazaars');
insert into attractions (_id, name, city, country, description, price, ratings, opening_hours, type_of_attraction) values ('661609ebfc13ae7ef9ab8a1b', 'Aurora Borealis Viewing Point', 'Železná Ruda', 'Czech Republic', 'suscipit a feugiat et eros vestibulum ac est lacinia nisi', 777.61, 2.5, '8:45 AM', 'Beaches and Islands');
insert into attractions (_id, name, city, country, description, price, ratings, opening_hours, type_of_attraction) values ('661609ebfc13ae7ef9ab8a1c', 'Aurora Borealis Viewing Point', 'Sobral da Adiça', 'Portugal', 'ante ipsum primis in faucibus orci luctus et ultrices posuere cubilia curae mauris viverra diam vitae quam suspendisse potenti', 188.39, 6.3, '12:40 AM', 'Markets and Bazaars');
insert into attractions (_id, name, city, country, description, price, ratings, opening_hours, type_of_attraction) values ('661609ebfc13ae7ef9ab8a1d', 'Imperial Citadel of Xanadu', 'Akureyri', 'Iceland', 'luctus tincidunt nulla mollis molestie lorem quisque ut erat curabitur gravida nisi at', 806.73, 3.0, '12:49 PM', 'Markets and Bazaars');
insert into attractions (_id, name, city, country, description, price, ratings, opening_hours, type_of_attraction) values ('661609ebfc13ae7ef9ab8a1e', 'Versailles Gardens', 'Voyinka', 'Ukraine', 'lacus at velit vivamus vel nulla eget eros elementum pellentesque quisque porta volutpat erat quisque erat eros viverra eget', 238.72, 1.4, '10:16 AM', 'Gardens and Parks');
insert into attractions (_id, name, city, country, description, price, ratings, opening_hours, type_of_attraction) values ('661609ebfc13ae7ef9ab8a1f', 'Imperial Citadel of Xanadu', 'Olszyna', 'Poland', 'dictumst maecenas ut massa quis augue luctus tincidunt nulla mollis molestie lorem quisque ut erat curabitur gravida nisi at', 252.02, 4.2, '3:56 PM', 'Natural Wonders and Landscapes');
insert into attractions (_id, name, city, country, description, price, ratings, opening_hours, type_of_attraction) values ('661609ebfc13ae7ef9ab8a20', 'Bora Bora', 'Haolibao', 'China', 'fusce congue diam id ornare imperdiet sapien urna pretium nisl ut volutpat', 17.56, 3.4, '12:51 PM', 'Natural Wonders and Landscapes');
insert into attractions (_id, name, city, country, description, price, ratings, opening_hours, type_of_attraction) values ('661609ebfc13ae7ef9ab8a21', 'Mecca', 'Drahovo', 'Ukraine', 'odio curabitur convallis duis consequat dui nec nisi volutpat eleifend donec ut dolor morbi vel', 166.65, 1.6, '1:22 AM', 'Temples and Religious Sites');
insert into attractions (_id, name, city, country, description, price, ratings, opening_hours, type_of_attraction) values ('661609ebfc13ae7ef9ab8a22', 'Versailles Gardens', 'Penanggungan', 'Indonesia', 'massa donec dapibus duis at velit eu est congue elementum in hac habitasse platea dictumst morbi vestibulum velit id pretium', 315.06, 7.4, '10:05 AM', 'Gardens and Parks');
insert into attractions (_id, name, city, country, description, price, ratings, opening_hours, type_of_attraction) values ('661609ebfc13ae7ef9ab8a23', 'Aurora Borealis Viewing Point', 'Planken', 'Liechtenstein', 'metus aenean fermentum donec ut mauris eget massa tempor convallis nulla neque libero', 387.73, 7.3, '11:02 PM', 'Gardens and Parks');
insert into attractions (_id, name, city, country, description, price, ratings, opening_hours, type_of_attraction) values ('661609ebfc13ae7ef9ab8a24', 'Mecca', 'Uyutne', 'Ukraine', 'pellentesque ultrices mattis odio donec vitae nisi nam ultrices libero non mattis pulvinar nulla', 355.25, 9.0, '8:39 PM', 'Beaches and Islands');
insert into attractions (_id, name, city, country, description, price, ratings, opening_hours, type_of_attraction) values ('661609ebfc13ae7ef9ab8a25', 'Versailles Gardens', 'Skoki', 'Poland', 'ut erat id mauris vulputate elementum nullam varius nulla facilisi cras non velit nec nisi', 827.88, 5.3, '9:07 PM', 'Markets and Bazaars');
insert into attractions (_id, name, city, country, description, price, ratings, opening_hours, type_of_attraction) values ('661609ebfc13ae7ef9ab8a26', 'Aurora Borealis Viewing Point', 'Sindangsari', 'Indonesia', 'curae nulla dapibus dolor vel est donec odio justo sollicitudin ut suscipit a feugiat et eros', 492.07, 2.9, '8:45 PM', 'Natural Wonders and Landscapes');
insert into attractions (_id, name, city, country, description, price, ratings, opening_hours, type_of_attraction) values ('661609ebfc13ae7ef9ab8a27', 'Imperial Citadel of Xanadu', 'Santiago', 'Chile', 'non mattis pulvinar nulla pede ullamcorper augue a suscipit nulla elit ac nulla sed vel enim sit amet nunc viverra', 257.33, 2.8, '6:29 AM', 'Gardens and Parks');
insert into attractions (_id, name, city, country, description, price, ratings, opening_hours, type_of_attraction) values ('661609ebfc13ae7ef9ab8a28', 'Bora Bora', 'Brniště', 'Czech Republic', 'orci luctus et ultrices posuere cubilia curae donec pharetra magna vestibulum aliquet', 576.95, 1.4, '9:15 PM', 'Natural Wonders and Landscapes');
insert into attractions (_id, name, city, country, description, price, ratings, opening_hours, type_of_attraction) values ('661609ebfc13ae7ef9ab8a29', 'Chatuchak Weekend Market', 'Xiaxi', 'China', 'diam neque vestibulum eget vulputate ut ultrices vel augue vestibulum ante ipsum primis in faucibus orci luctus et ultrices posuere', 461.98, 6.8, '6:15 AM', 'Gardens and Parks');
insert into attractions (_id, name, city, country, description, price, ratings, opening_hours, type_of_attraction) values ('661609ebfc13ae7ef9ab8a2a', 'Imperial Citadel of Xanadu', 'Липково', 'Macedonia', 'orci mauris lacinia sapien quis libero nullam sit amet turpis elementum ligula', 446.62, 6.8, '10:00 AM', 'Historical Sites and Monuments');
insert into attractions (_id, name, city, country, description, price, ratings, opening_hours, type_of_attraction) values ('661609ebfc13ae7ef9ab8a2b', 'Bora Bora', 'Gucheng', 'China', 'quis turpis eget elit sodales scelerisque mauris sit amet eros suspendisse accumsan tortor', 759.91, 5.8, '6:07 AM', 'Markets and Bazaars');
insert into attractions (_id, name, city, country, description, price, ratings, opening_hours, type_of_attraction) values ('661609ebfc13ae7ef9ab8a2c', 'Aurora Borealis Viewing Point', 'Helsingborg', 'Sweden', 'morbi ut odio cras mi pede malesuada in imperdiet et commodo vulputate justo in blandit ultrices enim lorem ipsum', 520.22, 8.5, '6:07 AM', 'Temples and Religious Sites');
insert into attractions (_id, name, city, country, description, price, ratings, opening_hours, type_of_attraction) values ('661609ebfc13ae7ef9ab8a2d', 'Bora Bora', 'Bata Tengah', 'Indonesia', 'id nisl venenatis lacinia aenean sit amet justo morbi ut odio cras', 465.33, 7.9, '8:21 PM', 'Temples and Religious Sites');
insert into attractions (_id, name, city, country, description, price, ratings, opening_hours, type_of_attraction) values ('661609ebfc13ae7ef9ab8a2e', 'Aurora Borealis Viewing Point', 'Hesheng', 'China', 'nascetur ridiculus mus vivamus vestibulum sagittis sapien cum sociis natoque penatibus et magnis dis parturient montes', 149.31, 9.5, '6:24 PM', 'Beaches and Islands');
insert into attractions (_id, name, city, country, description, price, ratings, opening_hours, type_of_attraction) values ('661609ebfc13ae7ef9ab8a2f', 'Versailles Gardens', 'Łużna', 'Poland', 'proin risus praesent lectus vestibulum quam sapien varius ut blandit non interdum in', 538.6, 4.7, '5:47 PM', 'Gardens and Parks');
insert into attractions (_id, name, city, country, description, price, ratings, opening_hours, type_of_attraction) values ('661609ebfc13ae7ef9ab8a30', 'Imperial Citadel of Xanadu', 'Dobra', 'Poland', 'tempor convallis nulla neque libero convallis eget eleifend luctus ultricies eu nibh quisque id justo sit', 707.68, 3.5, '12:04 AM', 'Markets and Bazaars');
insert into attractions (_id, name, city, country, description, price, ratings, opening_hours, type_of_attraction) values ('661609ebfc13ae7ef9ab8a31', 'Mecca', 'Kabaty', 'Poland', 'donec odio justo sollicitudin ut suscipit a feugiat et eros vestibulum ac', 398.17, 4.1, '6:58 AM', 'Temples and Religious Sites');
insert into attractions (_id, name, city, country, description, price, ratings, opening_hours, type_of_attraction) values ('661609ebfc13ae7ef9ab8a32', 'Chatuchak Weekend Market', 'Fengqiao', 'China', 'pretium quis lectus suspendisse potenti in eleifend quam a odio', 424.75, 8.2, '6:22 PM', 'Beaches and Islands');
insert into attractions (_id, name, city, country, description, price, ratings, opening_hours, type_of_attraction) values ('661609ebfc13ae7ef9ab8a33', 'Versailles Gardens', 'Aqsū', 'Kazakhstan', 'aliquam non mauris morbi non lectus aliquam sit amet diam in magna bibendum imperdiet nullam', 982.33, 3.1, '2:02 PM', 'Natural Wonders and Landscapes');
insert into attractions (_id, name, city, country, description, price, ratings, opening_hours, type_of_attraction) values ('661609ebfc13ae7ef9ab8a34', 'Versailles Gardens', 'Mayo', 'Thailand', 'risus semper porta volutpat quam pede lobortis ligula sit amet eleifend pede libero quis orci nullam molestie nibh in', 457.97, 7.0, '9:57 PM', 'Natural Wonders and Landscapes');
insert into attractions (_id, name, city, country, description, price, ratings, opening_hours, type_of_attraction) values ('661609ebfc13ae7ef9ab8a35', 'Aurora Borealis Viewing Point', 'Kuanda', 'Russia', 'in faucibus orci luctus et ultrices posuere cubilia curae donec pharetra magna vestibulum aliquet ultrices erat tortor sollicitudin mi sit', 41.12, 2.1, '4:15 PM', 'Historical Sites and Monuments');
insert into attractions (_id, name, city, country, description, price, ratings, opening_hours, type_of_attraction) values ('661609ebfc13ae7ef9ab8a36', 'Imperial Citadel of Xanadu', 'Bouaké', 'Ivory Coast', 'justo in blandit ultrices enim lorem ipsum dolor sit amet consectetuer adipiscing elit proin', 565.55, 2.0, '5:26 AM', 'Natural Wonders and Landscapes');
insert into attractions (_id, name, city, country, description, price, ratings, opening_hours, type_of_attraction) values ('661609ebfc13ae7ef9ab8a37', 'Bora Bora', 'Polazna', 'Russia', 'vestibulum rutrum rutrum neque aenean auctor gravida sem praesent id', 413.67, 1.6, '7:34 AM', 'Beaches and Islands');
insert into attractions (_id, name, city, country, description, price, ratings, opening_hours, type_of_attraction) values ('661609ebfc13ae7ef9ab8a38', 'Imperial Citadel of Xanadu', 'Cukanguncal', 'Indonesia', 'in sapien iaculis congue vivamus metus arcu adipiscing molestie hendrerit at', 66.22, 2.3, '2:10 AM', 'Beaches and Islands');
insert into attractions (_id, name, city, country, description, price, ratings, opening_hours, type_of_attraction) values ('661609ebfc13ae7ef9ab8a39', 'Bora Bora', 'Los Mangos', 'Mexico', 'lacus at turpis donec posuere metus vitae ipsum aliquam non mauris morbi non lectus aliquam sit amet diam in magna', 140.24, 5.5, '4:56 AM', 'Temples and Religious Sites');
insert into attractions (_id, name, city, country, description, price, ratings, opening_hours, type_of_attraction) values ('661609ebfc13ae7ef9ab8a3a', 'Chatuchak Weekend Market', 'Zhoushan', 'China', 'vestibulum ac est lacinia nisi venenatis tristique fusce congue diam', 349.69, 6.3, '4:24 PM', 'Temples and Religious Sites');
insert into attractions (_id, name, city, country, description, price, ratings, opening_hours, type_of_attraction) values ('661609ebfc13ae7ef9ab8a3b', 'Chatuchak Weekend Market', 'Ncue', 'Equatorial Guinea', 'vitae nisi nam ultrices libero non mattis pulvinar nulla pede ullamcorper augue a suscipit nulla', 74.45, 3.5, '11:34 PM', 'Gardens and Parks');
insert into attractions (_id, name, city, country, description, price, ratings, opening_hours, type_of_attraction) values ('661609ebfc13ae7ef9ab8a3c', 'Versailles Gardens', 'Benjamin Constant', 'Brazil', 'mi nulla ac enim in tempor turpis nec euismod scelerisque quam turpis adipiscing lorem vitae mattis nibh ligula', 517.71, 4.0, '6:33 PM', 'Markets and Bazaars');
insert into attractions (_id, name, city, country, description, price, ratings, opening_hours, type_of_attraction) values ('661609ebfc13ae7ef9ab8a3d', 'Imperial Citadel of Xanadu', 'Mweka', 'Democratic Republic of the Congo', 'semper interdum mauris ullamcorper purus sit amet nulla quisque arcu libero', 464.65, 5.5, '12:18 PM', 'Natural Wonders and Landscapes');
insert into attractions (_id, name, city, country, description, price, ratings, opening_hours, type_of_attraction) values ('661609ebfc13ae7ef9ab8a3e', 'Mecca', 'Szombathely', 'Hungary', 'ante ipsum primis in faucibus orci luctus et ultrices posuere cubilia curae donec pharetra magna vestibulum', 504.8, 1.5, '12:09 PM', 'Gardens and Parks');
insert into attractions (_id, name, city, country, description, price, ratings, opening_hours, type_of_attraction) values ('661609ebfc13ae7ef9ab8a3f', 'Chatuchak Weekend Market', 'Namboongan', 'Philippines', 'eget elit sodales scelerisque mauris sit amet eros suspendisse accumsan tortor quis turpis sed ante', 600.85, 5.0, '6:57 AM', 'Natural Wonders and Landscapes');
insert into attractions (_id, name, city, country, description, price, ratings, opening_hours, type_of_attraction) values ('661609ebfc13ae7ef9ab8a40', 'Versailles Gardens', 'Hoit Taria', 'China', 'venenatis lacinia aenean sit amet justo morbi ut odio cras mi pede malesuada in imperdiet et', 247.49, 4.7, '7:40 AM', 'Historical Sites and Monuments');
insert into attractions (_id, name, city, country, description, price, ratings, opening_hours, type_of_attraction) values ('661609ebfc13ae7ef9ab8a41', 'Versailles Gardens', 'Wotsogo', 'Indonesia', 'in faucibus orci luctus et ultrices posuere cubilia curae nulla dapibus', 188.27, 3.4, '2:17 AM', 'Markets and Bazaars');
insert into attractions (_id, name, city, country, description, price, ratings, opening_hours, type_of_attraction) values ('661609ebfc13ae7ef9ab8a42', 'Imperial Citadel of Xanadu', 'Chongjin', 'North Korea', 'felis fusce posuere felis sed lacus morbi sem mauris laoreet ut rhoncus aliquet pulvinar sed nisl nunc rhoncus', 963.85, 2.6, '2:31 AM', 'Gardens and Parks');
insert into attractions (_id, name, city, country, description, price, ratings, opening_hours, type_of_attraction) values ('661609ebfc13ae7ef9ab8a43', 'Chatuchak Weekend Market', 'Selínia', 'Greece', 'in faucibus orci luctus et ultrices posuere cubilia curae mauris viverra diam', 914.61, 1.3, '2:31 AM', 'Gardens and Parks');
insert into attractions (_id, name, city, country, description, price, ratings, opening_hours, type_of_attraction) values ('661609ebfc13ae7ef9ab8a44', 'Aurora Borealis Viewing Point', 'Bulu', 'Indonesia', 'luctus et ultrices posuere cubilia curae mauris viverra diam vitae quam suspendisse potenti nullam porttitor lacus at', 868.34, 8.6, '9:18 PM', 'Natural Wonders and Landscapes');
insert into attractions (_id, name, city, country, description, price, ratings, opening_hours, type_of_attraction) values ('661609ebfc13ae7ef9ab8a45', 'Aurora Borealis Viewing Point', 'Kangasala', 'Finland', 'tempor convallis nulla neque libero convallis eget eleifend luctus ultricies eu', 423.83, 9.2, '8:24 PM', 'Markets and Bazaars');
insert into attractions (_id, name, city, country, description, price, ratings, opening_hours, type_of_attraction) values ('661609ebfc13ae7ef9ab8a46', 'Mecca', 'Stepnogorsk', 'Kazakhstan', 'nisl duis bibendum felis sed interdum venenatis turpis enim blandit mi in porttitor pede justo eu massa donec dapibus', 896.96, 3.0, '11:00 AM', 'Beaches and Islands');
insert into attractions (_id, name, city, country, description, price, ratings, opening_hours, type_of_attraction) values ('661609ebfc13ae7ef9ab8a47', 'Bora Bora', 'Otterburn Park', 'Canada', 'donec ut dolor morbi vel lectus in quam fringilla rhoncus mauris enim leo rhoncus sed vestibulum sit amet cursus', 15.63, 9.0, '1:35 AM', 'Temples and Religious Sites');
insert into attractions (_id, name, city, country, description, price, ratings, opening_hours, type_of_attraction) values ('661609ebfc13ae7ef9ab8a48', 'Aurora Borealis Viewing Point', 'Pansoy', 'Philippines', 'ultrices aliquet maecenas leo odio condimentum id luctus nec molestie sed justo pellentesque viverra', 827.69, 1.5, '4:42 AM', 'Natural Wonders and Landscapes');
insert into attractions (_id, name, city, country, description, price, ratings, opening_hours, type_of_attraction) values ('661609ebfc13ae7ef9ab8a49', 'Imperial Citadel of Xanadu', 'Masty', 'Belarus', 'ultrices posuere cubilia curae mauris viverra diam vitae quam suspendisse potenti nullam porttitor lacus', 879.77, 2.4, '10:17 AM', 'Natural Wonders and Landscapes');
insert into attractions (_id, name, city, country, description, price, ratings, opening_hours, type_of_attraction) values ('661609ebfc13ae7ef9ab8a4a', 'Chatuchak Weekend Market', 'Södertälje', 'Sweden', 'sapien a libero nam dui proin leo odio porttitor id consequat in', 824.62, 10.0, '3:57 PM', 'Historical Sites and Monuments');
insert into attractions (_id, name, city, country, description, price, ratings, opening_hours, type_of_attraction) values ('661609ebfc13ae7ef9ab8a4b', 'Bora Bora', 'Presidencia Roque Sáenz Peña', 'Argentina', 'nam nulla integer pede justo lacinia eget tincidunt eget tempus vel pede morbi porttitor lorem id ligula suspendisse ornare consequat', 502.0, 6.6, '5:28 AM', 'Natural Wonders and Landscapes');
insert into attractions (_id, name, city, country, description, price, ratings, opening_hours, type_of_attraction) values ('661609ebfc13ae7ef9ab8a4c', 'Bora Bora', 'Fengting', 'China', 'lacus morbi quis tortor id nulla ultrices aliquet maecenas leo odio condimentum id luctus nec molestie sed', 780.34, 2.2, '7:37 AM', 'Natural Wonders and Landscapes');
insert into attractions (_id, name, city, country, description, price, ratings, opening_hours, type_of_attraction) values ('661609ebfc13ae7ef9ab8a4d', 'Imperial Citadel of Xanadu', 'Boxholm', 'Sweden', 'erat id mauris vulputate elementum nullam varius nulla facilisi cras non velit nec nisi', 224.42, 2.7, '6:27 AM', 'Beaches and Islands');
insert into attractions (_id, name, city, country, description, price, ratings, opening_hours, type_of_attraction) values ('661609ebfc13ae7ef9ab8a4e', 'Mecca', 'Nueva Gerona', 'Cuba', 'non mattis pulvinar nulla pede ullamcorper augue a suscipit nulla elit ac nulla sed vel enim sit', 611.81, 2.9, '10:29 AM', 'Markets and Bazaars');
insert into attractions (_id, name, city, country, description, price, ratings, opening_hours, type_of_attraction) values ('661609ebfc13ae7ef9ab8a4f', 'Imperial Citadel of Xanadu', 'Jefferson City', 'United States', 'metus vitae ipsum aliquam non mauris morbi non lectus aliquam sit amet diam in magna bibendum imperdiet nullam', 472.55, 1.7, '3:39 PM', 'Historical Sites and Monuments');
insert into attractions (_id, name, city, country, description, price, ratings, opening_hours, type_of_attraction) values ('661609ebfc13ae7ef9ab8a50', 'Mecca', 'Brumadinho', 'Brazil', 'rhoncus aliquet pulvinar sed nisl nunc rhoncus dui vel sem sed sagittis nam congue risus semper porta', 84.15, 6.8, '3:09 PM', 'Temples and Religious Sites');
insert into attractions (_id, name, city, country, description, price, ratings, opening_hours, type_of_attraction) values ('661609ebfc13ae7ef9ab8a51', 'Mecca', 'Abóboda', 'Portugal', 'pede ac diam cras pellentesque volutpat dui maecenas tristique est et', 287.07, 1.1, '10:47 PM', 'Gardens and Parks');
insert into attractions (_id, name, city, country, description, price, ratings, opening_hours, type_of_attraction) values ('661609ebfc13ae7ef9ab8a52', 'Aurora Borealis Viewing Point', 'Taksimo', 'Russia', 'quisque erat eros viverra eget congue eget semper rutrum nulla nunc', 580.44, 3.8, '2:13 AM', 'Gardens and Parks');
insert into attractions (_id, name, city, country, description, price, ratings, opening_hours, type_of_attraction) values ('661609ebfc13ae7ef9ab8a53', 'Versailles Gardens', 'Huangqiao', 'China', 'in hac habitasse platea dictumst morbi vestibulum velit id pretium iaculis diam erat fermentum justo', 33.14, 4.1, '11:09 PM', 'Beaches and Islands');
insert into attractions (_id, name, city, country, description, price, ratings, opening_hours, type_of_attraction) values ('661609ebfc13ae7ef9ab8a54', 'Aurora Borealis Viewing Point', 'Kochani', 'Macedonia', 'tortor quis turpis sed ante vivamus tortor duis mattis egestas metus aenean fermentum donec ut mauris eget massa tempor', 193.92, 5.5, '2:35 PM', 'Beaches and Islands');
insert into attractions (_id, name, city, country, description, price, ratings, opening_hours, type_of_attraction) values ('661609ebfc13ae7ef9ab8a55', 'Versailles Gardens', 'Tambac', 'Philippines', 'arcu sed augue aliquam erat volutpat in congue etiam justo etiam pretium iaculis justo in hac habitasse platea dictumst etiam', 877.7, 1.6, '2:47 PM', 'Natural Wonders and Landscapes');
insert into attractions (_id, name, city, country, description, price, ratings, opening_hours, type_of_attraction) values ('661609ebfc13ae7ef9ab8a56', 'Versailles Gardens', 'Yaojiaji', 'China', 'mollis molestie lorem quisque ut erat curabitur gravida nisi at nibh in hac habitasse platea dictumst aliquam augue quam', 575.67, 9.8, '7:47 AM', 'Gardens and Parks');
insert into attractions (_id, name, city, country, description, price, ratings, opening_hours, type_of_attraction) values ('661609ebfc13ae7ef9ab8a57', 'Versailles Gardens', 'Gegernoong', 'Indonesia', 'gravida sem praesent id massa id nisl venenatis lacinia aenean sit amet justo', 799.38, 6.9, '4:57 AM', 'Beaches and Islands');
insert into attractions (_id, name, city, country, description, price, ratings, opening_hours, type_of_attraction) values ('661609ebfc13ae7ef9ab8a58', 'Chatuchak Weekend Market', 'Los Angeles', 'Mexico', 'non quam nec dui luctus rutrum nulla tellus in sagittis dui vel nisl duis ac', 191.24, 6.2, '6:04 AM', 'Gardens and Parks');
insert into attractions (_id, name, city, country, description, price, ratings, opening_hours, type_of_attraction) values ('661609ebfc13ae7ef9ab8a59', 'Aurora Borealis Viewing Point', 'Yuecheng', 'China', 'duis aliquam convallis nunc proin at turpis a pede posuere nonummy integer non velit donec diam neque vestibulum', 383.9, 8.8, '3:22 AM', 'Gardens and Parks');
insert into attractions (_id, name, city, country, description, price, ratings, opening_hours, type_of_attraction) values ('661609ebfc13ae7ef9ab8a5a', 'Versailles Gardens', 'Melrose', 'Mauritius', 'integer non velit donec diam neque vestibulum eget vulputate ut ultrices vel augue vestibulum ante ipsum primis in faucibus', 351.12, 8.4, '7:50 PM', 'Gardens and Parks');



insert into flights (_id, departure_city, arrival_city, departure_date, departure_time, flight_duration, ticket_price) values ('1', 'Jakarta Indonesia', 'Pattaya Thailand', '28-04-2022', '7:38 AM', 5, 801.68);
insert into flights (_id, departure_city, arrival_city, departure_date, departure_time, flight_duration, ticket_price) values ('2', 'Singapore Singapore', 'Penang Malaysia', '07-06-2022', '11:54 PM', 18, 267.36);
insert into flights (_id, departure_city, arrival_city, departure_date, departure_time, flight_duration, ticket_price) values ('3', 'Hanoi Vietnam', 'Bali Indonesia', '03-01-2022', '3:49 AM', 20, 428.59);
insert into flights (_id, departure_city, arrival_city, departure_date, departure_time, flight_duration, ticket_price) values ('4', 'Yangon Myanmar', 'Vientiane Laos', '19-05-2022', '10:09 AM', 6, 730.17);
insert into flights (_id, departure_city, arrival_city, departure_date, departure_time, flight_duration, ticket_price) values ('5', 'Hanoi Vietnam', 'Bali Indonesia', '07-08-2022', '8:31 AM', 23, 221.41);
insert into flights (_id, departure_city, arrival_city, departure_date, departure_time, flight_duration, ticket_price) values ('6', 'Singapore Singapore', 'Penang Malaysia', '04-01-2022', '2:49 AM', 8, 113.09);
insert into flights (_id, departure_city, arrival_city, departure_date, departure_time, flight_duration, ticket_price) values ('7', 'Jakarta Indonesia', 'Bandung Indonesia', '07-09-2022', '2:36 PM', 20, 97.26);
insert into flights (_id, departure_city, arrival_city, departure_date, departure_time, flight_duration, ticket_price) values ('8', 'Singapore Singapore', 'Phnom Penh Cambodia', '20-10-2022', '11:03 AM', 3, 830.27);
insert into flights (_id, departure_city, arrival_city, departure_date, departure_time, flight_duration, ticket_price) values ('9', 'Kuala Lumpur Malaysia', 'Vientiane Laos', '22-02-2022', '8:57 AM', 15, 109.99);
insert into flights (_id, departure_city, arrival_city, departure_date, departure_time, flight_duration, ticket_price) values ('10', 'Chiang Mai Thailand', 'Phnom Penh Cambodia', '27-03-2022', '5:45 PM', 17, 422.39);
insert into flights (_id, departure_city, arrival_city, departure_date, departure_time, flight_duration, ticket_price) values ('11', 'Bangkok Thailand', 'Bali Indonesia', '20-09-2022', '11:58 AM', 20, 566.15);
insert into flights (_id, departure_city, arrival_city, departure_date, departure_time, flight_duration, ticket_price) values ('12', 'Da Nang Vietnam', 'Penang Malaysia', '05-10-2022', '7:17 PM', 17, 310.35);
insert into flights (_id, departure_city, arrival_city, departure_date, departure_time, flight_duration, ticket_price) values ('13', 'Hanoi Vietnam', 'Bandung Indonesia', '01-10-2022', '10:33 AM', 4, 482.03);
insert into flights (_id, departure_city, arrival_city, departure_date, departure_time, flight_duration, ticket_price) values ('14', 'Singapore Singapore', 'Bali Indonesia', '29-08-2022', '7:23 PM', 13, 509.87);
insert into flights (_id, departure_city, arrival_city, departure_date, departure_time, flight_duration, ticket_price) values ('15', 'Siem Reap Cambodia', 'Phnom Penh Cambodia', '24-11-2022', '3:47 AM', 23, 662.18);
insert into flights (_id, departure_city, arrival_city, departure_date, departure_time, flight_duration, ticket_price) values ('16', 'Siem Reap Cambodia', 'Bali Indonesia', '26-08-2022', '4:08 AM', 18, 88.32);
insert into flights (_id, departure_city, arrival_city, departure_date, departure_time, flight_duration, ticket_price) values ('17', 'Kuala Lumpur Malaysia', 'Luang Prabang Laos', '02-05-2022', '9:17 PM', 19, 961.21);
insert into flights (_id, departure_city, arrival_city, departure_date, departure_time, flight_duration, ticket_price) values ('18', 'Kuala Lumpur Malaysia', 'Vientiane Laos', '19-01-2022', '7:38 AM', 22, 125.49);
insert into flights (_id, departure_city, arrival_city, departure_date, departure_time, flight_duration, ticket_price) values ('19', 'Yangon Myanmar', 'Bali Indonesia', '07-01-2022', '1:03 PM', 3, 936.35);
insert into flights (_id, departure_city, arrival_city, departure_date, departure_time, flight_duration, ticket_price) values ('20', 'Siem Reap Cambodia', 'Penang Malaysia', '26-09-2022', '8:57 AM', 11, 981.54);
insert into flights (_id, departure_city, arrival_city, departure_date, departure_time, flight_duration, ticket_price) values ('21', 'Hanoi Vietnam', 'Phuket Thailand', '29-07-2022', '10:49 PM', 24, 357.7);
insert into flights (_id, departure_city, arrival_city, departure_date, departure_time, flight_duration, ticket_price) values ('22', 'Yangon Myanmar', 'Boracay Philippines', '23-09-2022', '12:34 PM', 7, 861.09);
insert into flights (_id, departure_city, arrival_city, departure_date, departure_time, flight_duration, ticket_price) values ('23', 'Bangkok Thailand', 'Boracay Philippines', '25-02-2022', '10:31 PM', 13, 528.61);
insert into flights (_id, departure_city, arrival_city, departure_date, departure_time, flight_duration, ticket_price) values ('24', 'Hanoi Vietnam', 'Vientiane Laos', '03-05-2022', '2:12 PM', 7, 89.24);
insert into flights (_id, departure_city, arrival_city, departure_date, departure_time, flight_duration, ticket_price) values ('25', 'Chiang Mai Thailand', 'Phuket Thailand', '18-02-2022', '1:46 AM', 17, 585.63);
insert into flights (_id, departure_city, arrival_city, departure_date, departure_time, flight_duration, ticket_price) values ('26', 'Singapore Singapore', 'Vientiane Laos', '28-01-2022', '2:42 AM', 18, 219.03);
insert into flights (_id, departure_city, arrival_city, departure_date, departure_time, flight_duration, ticket_price) values ('27', 'Bangkok Thailand', 'Pattaya Thailand', '03-03-2022', '1:51 AM', 24, 118.98);
insert into flights (_id, departure_city, arrival_city, departure_date, departure_time, flight_duration, ticket_price) values ('28', 'Hanoi Vietnam', 'Vientiane Laos', '30-05-2022', '3:46 AM', 14, 602.79);
insert into flights (_id, departure_city, arrival_city, departure_date, departure_time, flight_duration, ticket_price) values ('29', 'Singapore Singapore', 'Phuket Thailand', '13-01-2022', '6:37 PM', 6, 599.95);
insert into flights (_id, departure_city, arrival_city, departure_date, departure_time, flight_duration, ticket_price) values ('30', 'Manila Philippines', 'Phnom Penh Cambodia', '19-05-2022', '3:52 PM', 10, 70.22);
insert into flights (_id, departure_city, arrival_city, departure_date, departure_time, flight_duration, ticket_price) values ('31', 'Chiang Mai Thailand', 'Penang Malaysia', '16-07-2022', '12:57 AM', 12, 557.77);
insert into flights (_id, departure_city, arrival_city, departure_date, departure_time, flight_duration, ticket_price) values ('32', 'Jakarta Indonesia', 'Pattaya Thailand', '02-01-2022', '1:22 AM', 8, 612.85);
insert into flights (_id, departure_city, arrival_city, departure_date, departure_time, flight_duration, ticket_price) values ('33', 'Kuala Lumpur Malaysia', 'Luang Prabang Laos', '12-04-2022', '9:28 AM', 20, 197.12);
insert into flights (_id, departure_city, arrival_city, departure_date, departure_time, flight_duration, ticket_price) values ('34', 'Jakarta Indonesia', 'Bandung Indonesia', '05-12-2022', '4:20 PM', 15, 891.58);
insert into flights (_id, departure_city, arrival_city, departure_date, departure_time, flight_duration, ticket_price) values ('35', 'Chiang Mai Thailand', 'Bandung Indonesia', '01-04-2022', '6:44 PM', 11, 277.44);
insert into flights (_id, departure_city, arrival_city, departure_date, departure_time, flight_duration, ticket_price) values ('36', 'Chiang Mai Thailand', 'Luang Prabang Laos', '14-01-2022', '7:09 AM', 9, 580.51);
insert into flights (_id, departure_city, arrival_city, departure_date, departure_time, flight_duration, ticket_price) values ('37', 'Bangkok Thailand', 'Vientiane Laos', '20-07-2022', '3:49 PM', 11, 691.75);
insert into flights (_id, departure_city, arrival_city, departure_date, departure_time, flight_duration, ticket_price) values ('38', 'Bangkok Thailand', 'Phuket Thailand', '05-01-2022', '4:47 PM', 19, 572.84);
insert into flights (_id, departure_city, arrival_city, departure_date, departure_time, flight_duration, ticket_price) values ('39', 'Chiang Mai Thailand', 'Phnom Penh Cambodia', '02-03-2022', '5:43 PM', 19, 810.91);
insert into flights (_id, departure_city, arrival_city, departure_date, departure_time, flight_duration, ticket_price) values ('40', 'Singapore Singapore', 'Pattaya Thailand', '23-09-2022', '5:53 AM', 22, 209.8);
insert into flights (_id, departure_city, arrival_city, departure_date, departure_time, flight_duration, ticket_price) values ('41', 'Manila Philippines', 'Bandung Indonesia', '04-07-2022', '8:49 AM', 16, 904.78);
insert into flights (_id, departure_city, arrival_city, departure_date, departure_time, flight_duration, ticket_price) values ('42', 'Yangon Myanmar', 'Phnom Penh Cambodia', '28-05-2022', '4:06 AM', 22, 601.59);
insert into flights (_id, departure_city, arrival_city, departure_date, departure_time, flight_duration, ticket_price) values ('43', 'Kuala Lumpur Malaysia', 'Penang Malaysia', '21-01-2022', '6:52 AM', 2, 829.5);
insert into flights (_id, departure_city, arrival_city, departure_date, departure_time, flight_duration, ticket_price) values ('44', 'Singapore Singapore', 'Vientiane Laos', '17-01-2022', '1:42 PM', 13, 523.21);
insert into flights (_id, departure_city, arrival_city, departure_date, departure_time, flight_duration, ticket_price) values ('45', 'Da Nang Vietnam', 'Vientiane Laos', '03-07-2022', '4:06 AM', 21, 947.65);
insert into flights (_id, departure_city, arrival_city, departure_date, departure_time, flight_duration, ticket_price) values ('46', 'Da Nang Vietnam', 'Phnom Penh Cambodia', '15-11-2022', '1:56 AM', 1, 175.0);
insert into flights (_id, departure_city, arrival_city, departure_date, departure_time, flight_duration, ticket_price) values ('47', 'Jakarta Indonesia', 'Luang Prabang Laos', '15-03-2022', '12:24 PM', 19, 279.33);
insert into flights (_id, departure_city, arrival_city, departure_date, departure_time, flight_duration, ticket_price) values ('48', 'Jakarta Indonesia', 'Pattaya Thailand', '05-04-2022', '5:45 AM', 21, 138.09);
insert into flights (_id, departure_city, arrival_city, departure_date, departure_time, flight_duration, ticket_price) values ('49', 'Jakarta Indonesia', 'Pattaya Thailand', '16-09-2022', '1:44 PM', 4, 72.34);
insert into flights (_id, departure_city, arrival_city, departure_date, departure_time, flight_duration, ticket_price) values ('50', 'Da Nang Vietnam', 'Bandung Indonesia', '26-06-2022', '8:55 PM', 2, 775.22);
insert into flights (_id, departure_city, arrival_city, departure_date, departure_time, flight_duration, ticket_price) values ('51', 'Kuala Lumpur Malaysia', 'Phuket Thailand', '30-03-2022', '1:49 PM', 6, 788.07);
insert into flights (_id, departure_city, arrival_city, departure_date, departure_time, flight_duration, ticket_price) values ('52', 'Da Nang Vietnam', 'Vientiane Laos', '13-08-2022', '10:39 AM', 4, 880.41);
insert into flights (_id, departure_city, arrival_city, departure_date, departure_time, flight_duration, ticket_price) values ('53', 'Siem Reap Cambodia', 'Vientiane Laos', '24-03-2022', '9:45 PM', 23, 836.26);
insert into flights (_id, departure_city, arrival_city, departure_date, departure_time, flight_duration, ticket_price) values ('54', 'Manila Philippines', 'Luang Prabang Laos', '30-08-2022', '8:44 PM', 19, 293.77);
insert into flights (_id, departure_city, arrival_city, departure_date, departure_time, flight_duration, ticket_price) values ('55', 'Chiang Mai Thailand', 'Pattaya Thailand', '07-07-2022', '9:13 PM', 22, 281.15);
insert into flights (_id, departure_city, arrival_city, departure_date, departure_time, flight_duration, ticket_price) values ('56', 'Singapore Singapore', 'Phnom Penh Cambodia', '30-01-2022', '6:36 AM', 2, 913.65);
insert into flights (_id, departure_city, arrival_city, departure_date, departure_time, flight_duration, ticket_price) values ('57', 'Kuala Lumpur Malaysia', 'Bandung Indonesia', '28-11-2022', '5:37 AM', 22, 694.42);
insert into flights (_id, departure_city, arrival_city, departure_date, departure_time, flight_duration, ticket_price) values ('58', 'Chiang Mai Thailand', 'Bandung Indonesia', '19-12-2022', '5:38 AM', 23, 308.46);
insert into flights (_id, departure_city, arrival_city, departure_date, departure_time, flight_duration, ticket_price) values ('59', 'Manila Philippines', 'Phuket Thailand', '24-08-2022', '2:25 AM', 6, 346.18);
insert into flights (_id, departure_city, arrival_city, departure_date, departure_time, flight_duration, ticket_price) values ('60', 'Manila Philippines', 'Phuket Thailand', '03-11-2022', '5:38 PM', 8, 414.77);
insert into flights (_id, departure_city, arrival_city, departure_date, departure_time, flight_duration, ticket_price) values ('61', 'Singapore Singapore', 'Bali Indonesia', '12-01-2022', '3:48 PM', 9, 799.32);
insert into flights (_id, departure_city, arrival_city, departure_date, departure_time, flight_duration, ticket_price) values ('62', 'Bangkok Thailand', 'Phnom Penh Cambodia', '22-08-2022', '6:58 AM', 13, 836.66);
insert into flights (_id, departure_city, arrival_city, departure_date, departure_time, flight_duration, ticket_price) values ('63', 'Chiang Mai Thailand', 'Pattaya Thailand', '05-02-2022', '12:48 AM', 18, 471.72);
insert into flights (_id, departure_city, arrival_city, departure_date, departure_time, flight_duration, ticket_price) values ('64', 'Yangon Myanmar', 'Vientiane Laos', '09-06-2022', '8:34 PM', 6, 245.35);
insert into flights (_id, departure_city, arrival_city, departure_date, departure_time, flight_duration, ticket_price) values ('65', 'Da Nang Vietnam', 'Bali Indonesia', '05-06-2022', '3:22 AM', 12, 691.1);
insert into flights (_id, departure_city, arrival_city, departure_date, departure_time, flight_duration, ticket_price) values ('66', 'Siem Reap Cambodia', 'Bali Indonesia', '05-12-2022', '1:00 PM', 22, 100.31);
insert into flights (_id, departure_city, arrival_city, departure_date, departure_time, flight_duration, ticket_price) values ('67', 'Jakarta Indonesia', 'Luang Prabang Laos', '22-05-2022', '3:30 PM', 6, 105.51);
insert into flights (_id, departure_city, arrival_city, departure_date, departure_time, flight_duration, ticket_price) values ('68', 'Da Nang Vietnam', 'Penang Malaysia', '30-12-2022', '1:26 PM', 8, 237.45);
insert into flights (_id, departure_city, arrival_city, departure_date, departure_time, flight_duration, ticket_price) values ('69', 'Kuala Lumpur Malaysia', 'Phnom Penh Cambodia', '15-01-2022', '12:36 AM', 6, 360.95);
insert into flights (_id, departure_city, arrival_city, departure_date, departure_time, flight_duration, ticket_price) values ('70', 'Singapore Singapore', 'Boracay Philippines', '06-05-2022', '10:45 PM', 14, 999.23);
insert into flights (_id, departure_city, arrival_city, departure_date, departure_time, flight_duration, ticket_price) values ('71', 'Chiang Mai Thailand', 'Phuket Thailand', '28-12-2022', '2:26 PM', 22, 219.49);
insert into flights (_id, departure_city, arrival_city, departure_date, departure_time, flight_duration, ticket_price) values ('72', 'Bangkok Thailand', 'Penang Malaysia', '21-01-2022', '9:50 PM', 18, 518.56);
insert into flights (_id, departure_city, arrival_city, departure_date, departure_time, flight_duration, ticket_price) values ('73', 'Bangkok Thailand', 'Bandung Indonesia', '15-10-2022', '4:04 PM', 23, 304.61);
insert into flights (_id, departure_city, arrival_city, departure_date, departure_time, flight_duration, ticket_price) values ('74', 'Hanoi Vietnam', 'Pattaya Thailand', '23-04-2022', '12:09 PM', 22, 553.92);
insert into flights (_id, departure_city, arrival_city, departure_date, departure_time, flight_duration, ticket_price) values ('75', 'Yangon Myanmar', 'Pattaya Thailand', '18-01-2022', '6:53 PM', 8, 258.45);
insert into flights (_id, departure_city, arrival_city, departure_date, departure_time, flight_duration, ticket_price) values ('76', 'Manila Philippines', 'Phnom Penh Cambodia', '13-04-2022', '7:10 PM', 5, 601.9);
insert into flights (_id, departure_city, arrival_city, departure_date, departure_time, flight_duration, ticket_price) values ('77', 'Manila Philippines', 'Bali Indonesia', '02-03-2022', '8:17 PM', 19, 130.43);
insert into flights (_id, departure_city, arrival_city, departure_date, departure_time, flight_duration, ticket_price) values ('78', 'Singapore Singapore', 'Luang Prabang Laos', '08-08-2022', '1:57 AM', 19, 893.91);
insert into flights (_id, departure_city, arrival_city, departure_date, departure_time, flight_duration, ticket_price) values ('79', 'Bangkok Thailand', 'Phuket Thailand', '13-05-2022', '6:27 AM', 1, 259.48);
insert into flights (_id, departure_city, arrival_city, departure_date, departure_time, flight_duration, ticket_price) values ('80', 'Yangon Myanmar', 'Boracay Philippines', '13-07-2022', '6:39 AM', 8, 279.7);
insert into flights (_id, departure_city, arrival_city, departure_date, departure_time, flight_duration, ticket_price) values ('81', 'Chiang Mai Thailand', 'Phnom Penh Cambodia', '18-02-2022', '4:30 PM', 11, 219.0);
insert into flights (_id, departure_city, arrival_city, departure_date, departure_time, flight_duration, ticket_price) values ('82', 'Yangon Myanmar', 'Penang Malaysia', '28-07-2022', '6:47 PM', 7, 347.73);
insert into flights (_id, departure_city, arrival_city, departure_date, departure_time, flight_duration, ticket_price) values ('83', 'Da Nang Vietnam', 'Phnom Penh Cambodia', '15-01-2022', '7:39 AM', 1, 945.74);
insert into flights (_id, departure_city, arrival_city, departure_date, departure_time, flight_duration, ticket_price) values ('84', 'Singapore Singapore', 'Boracay Philippines', '23-03-2022', '6:02 AM', 9, 670.0);
insert into flights (_id, departure_city, arrival_city, departure_date, departure_time, flight_duration, ticket_price) values ('85', 'Jakarta Indonesia', 'Phuket Thailand', '11-09-2022', '4:06 AM', 18, 628.96);
insert into flights (_id, departure_city, arrival_city, departure_date, departure_time, flight_duration, ticket_price) values ('86', 'Chiang Mai Thailand', 'Bali Indonesia', '03-02-2022', '10:59 AM', 21, 205.0);
insert into flights (_id, departure_city, arrival_city, departure_date, departure_time, flight_duration, ticket_price) values ('87', 'Yangon Myanmar', 'Phuket Thailand', '10-12-2022', '5:52 AM', 20, 651.64);
insert into flights (_id, departure_city, arrival_city, departure_date, departure_time, flight_duration, ticket_price) values ('88', 'Kuala Lumpur Malaysia', 'Luang Prabang Laos', '30-10-2022', '7:10 AM', 10, 243.27);
insert into flights (_id, departure_city, arrival_city, departure_date, departure_time, flight_duration, ticket_price) values ('89', 'Chiang Mai Thailand', 'Pattaya Thailand', '01-01-2022', '10:53 PM', 8, 786.66);
insert into flights (_id, departure_city, arrival_city, departure_date, departure_time, flight_duration, ticket_price) values ('90', 'Siem Reap Cambodia', 'Phuket Thailand', '08-11-2022', '2:18 PM', 20, 244.54);
insert into flights (_id, departure_city, arrival_city, departure_date, departure_time, flight_duration, ticket_price) values ('91', 'Chiang Mai Thailand', 'Vientiane Laos', '09-09-2022', '8:14 PM', 4, 342.39);
insert into flights (_id, departure_city, arrival_city, departure_date, departure_time, flight_duration, ticket_price) values ('92', 'Chiang Mai Thailand', 'Phnom Penh Cambodia', '15-05-2022', '2:29 PM', 5, 556.95);
insert into flights (_id, departure_city, arrival_city, departure_date, departure_time, flight_duration, ticket_price) values ('93', 'Hanoi Vietnam', 'Pattaya Thailand', '07-04-2022', '4:24 AM', 16, 614.93);
insert into flights (_id, departure_city, arrival_city, departure_date, departure_time, flight_duration, ticket_price) values ('94', 'Kuala Lumpur Malaysia', 'Phnom Penh Cambodia', '26-01-2022', '5:02 PM', 11, 595.96);
insert into flights (_id, departure_city, arrival_city, departure_date, departure_time, flight_duration, ticket_price) values ('95', 'Da Nang Vietnam', 'Vientiane Laos', '21-09-2022', '4:56 PM', 17, 271.5);
insert into flights (_id, departure_city, arrival_city, departure_date, departure_time, flight_duration, ticket_price) values ('96', 'Singapore Singapore', 'Phnom Penh Cambodia', '30-11-2022', '6:11 AM', 15, 199.23);
insert into flights (_id, departure_city, arrival_city, departure_date, departure_time, flight_duration, ticket_price) values ('97', 'Siem Reap Cambodia', 'Pattaya Thailand', '06-12-2022', '5:10 PM', 15, 705.48);
insert into flights (_id, departure_city, arrival_city, departure_date, departure_time, flight_duration, ticket_price) values ('98', 'Da Nang Vietnam', 'Phuket Thailand', '03-08-2022', '7:18 AM', 22, 287.93);
insert into flights (_id, departure_city, arrival_city, departure_date, departure_time, flight_duration, ticket_price) values ('99', 'Yangon Myanmar', 'Phnom Penh Cambodia', '15-08-2022', '4:07 PM', 15, 274.19);
insert into flights (_id, departure_city, arrival_city, departure_date, departure_time, flight_duration, ticket_price) values ('100', 'Chiang Mai Thailand', 'Phnom Penh Cambodia', '30-07-2022', '11:35 AM', 2, 292.98);
